,target,source_id,dest_id,predictor,transferer,train_size,transfer_size,metric_a,metric_b,POP,P,N,PP,PN,TP,FP,FN,TN,TPR,FPR,FNR,TNR,PPV,FDR,FOR,NPV,F1,MCC
0,benchmark/targets/text/enwik9_10,BasicA0-japaneast,StandardF2sv2-westus2,tree,linear,3,3,time_compress,size_compress,18.0,8.0,10.0,5.0,13.0,2.7,2.3,5.3,7.7,0.337,0.22999999999999998,0.663,0.77,0.599,0.40099999999999997,0.4077777777777778,0.5922222222222222,0.378,0.15333333333333335
1,benchmark/targets/text/enwik9_10,BasicA0-japaneast,StandardF2sv2-westus2,tree,linear,4,4,time_compress,size_compress,18.0,8.0,10.0,6.6,11.4,3.8,2.8,4.2,7.2,0.476,0.28,0.524,0.72,0.611,0.38899999999999996,0.377,0.623,0.511,0.211
2,benchmark/targets/text/enwik9_10,BasicA0-japaneast,StandardF2sv2-westus2,tree,linear,5,5,time_compress,size_compress,18.0,8.0,10.0,5.5,12.5,3.2,2.3,4.8,7.7,0.4,0.22999999999999998,0.6,0.77,0.575,0.425,0.377,0.623,0.457,0.182
3,benchmark/targets/text/enwik9_10,BasicA0-japaneast,StandardF2sv2-westus2,tree,linear,6,6,time_compress,size_compress,18.0,8.0,10.0,5.3,12.7,3.1,2.2,4.9,7.8,0.388,0.22000000000000003,0.612,0.78,0.659,0.341,0.392,0.608,0.47000000000000003,0.21000000000000002
4,benchmark/targets/text/enwik9_10,BasicA0-japaneast,StandardF2sv2-westus2,tree,linear,7,7,time_compress,size_compress,18.0,8.0,10.0,7.5,10.5,4.4,3.1,3.6,6.9,0.5509999999999999,0.31,0.449,0.6900000000000001,0.593,0.40700000000000003,0.33199999999999996,0.6679999999999999,0.5589999999999999,0.25
5,benchmark/targets/text/enwik9_10,BasicA0-japaneast,StandardF2sv2-westus2,tree,linear,8,8,time_compress,size_compress,18.0,8.0,10.0,6.2,11.8,4.5,1.7,3.5,8.3,0.561,0.16999999999999998,0.43899999999999995,0.8300000000000001,0.729,0.271,0.29,0.71,0.623,0.41200000000000003
6,benchmark/targets/text/enwik9_10,BasicA0-japaneast,StandardF2sv2-westus2,tree,linear,9,9,time_compress,size_compress,18.0,8.0,10.0,6.7,11.3,4.9,1.8,3.1,8.2,0.61,0.18,0.39,0.82,0.778,0.22200000000000003,0.278,0.722,0.672,0.462
7,benchmark/targets/text/enwik9_10,BasicA0-japaneast,StandardF2sv2-westus2,tree,linear,10,10,time_compress,size_compress,18.0,8.0,10.0,7.5,10.5,5.6,1.9,2.4,8.1,0.6990000000000001,0.19,0.301,0.8099999999999999,0.766,0.23399999999999999,0.223,0.7769999999999999,0.7230000000000001,0.525
8,benchmark/targets/text/enwik9_10,BasicA0-japaneast,StandardF2sv2-westus2,tree,linear,11,11,time_compress,size_compress,18.0,8.0,10.0,5.8,12.2,4.8,1.0,3.2,9.0,0.599,0.1,0.40099999999999997,0.9,0.835,0.165,0.258,0.742,0.693,0.5349999999999999
9,benchmark/targets/text/enwik9_10,BasicA0-japaneast,StandardF2sv2-westus2,tree,linear,12,12,time_compress,size_compress,18.0,8.0,10.0,7.2,10.8,5.4,1.8,2.6,8.2,0.674,0.18,0.32599999999999996,0.82,0.754,0.246,0.236,0.764,0.709,0.505
10,benchmark/targets/text/enwik9_10,BasicA0-japaneast,StandardF2sv2-westus2,tree,linear,13,13,time_compress,size_compress,18.0,8.0,10.0,7.0,11.0,5.9,1.1,2.1,8.9,0.738,0.11000000000000001,0.262,0.89,0.844,0.156,0.181,0.819,0.781,0.642
11,benchmark/targets/text/enwik9_10,BasicA0-japaneast,StandardF2sv2-westus2,tree,linear,14,14,time_compress,size_compress,18.0,8.0,10.0,7.2,10.8,6.0,1.2,2.0,8.8,0.749,0.12000000000000002,0.251,0.8800000000000001,0.8400000000000001,0.16,0.179,0.821,0.789,0.644
12,benchmark/targets/text/enwik9_10,BasicA0-japaneast,StandardF2sv2-westus2,tree,linear,15,15,time_compress,size_compress,18.0,8.0,10.0,7.5,10.5,6.8,0.7,1.2,9.3,0.852,0.07,0.148,0.93,0.908,0.092,0.11099999999999999,0.889,0.877,0.787
13,benchmark/targets/text/enwik9_10,BasicA0-japaneast,StandardF2sv2-westus2,tree,linear,16,16,time_compress,size_compress,18.0,8.0,10.0,8.2,9.8,7.1,1.1,0.9,8.9,0.89,0.11000000000000001,0.11000000000000001,0.89,0.869,0.131,0.087,0.913,0.876,0.778
14,benchmark/targets/text/enwik9_10,BasicA0-japaneast,StandardF2sv2-westus2,tree,linear,17,17,time_compress,size_compress,18.0,8.0,10.0,8.2,9.8,7.4,0.8,0.6,9.2,0.9279999999999999,0.08,0.072,0.9199999999999999,0.907,0.093,0.05900000000000001,0.9410000000000001,0.915,0.8460000000000001
15,benchmark/targets/text/enwik9_10,BasicA0-japaneast,StandardF2sv2-westus2,tree,linear,18,18,time_compress,size_compress,18.0,8.0,10.0,9.0,9.0,8.0,1.0,0.0,9.0,1.0,0.1,0.0,0.9,0.89,0.11000000000000001,0.0,1.0,0.9399999999999998,0.89
16,benchmark/targets/text/enwik9_10,BasicA0-japaneast,StandardF2sv2-westus2,tree,tree,3,3,time_compress,size_compress,18.0,8.0,10.0,4.7,13.3,3.1,1.6,4.9,8.4,0.388,0.16,0.612,0.8400000000000001,0.678,0.32199999999999995,0.369,0.631,0.5377777777777778,0.263
17,benchmark/targets/text/enwik9_10,BasicA0-japaneast,StandardF2sv2-westus2,tree,tree,4,4,time_compress,size_compress,18.0,8.0,10.0,6.2,11.8,3.2,3.0,4.8,7.0,0.4,0.3,0.6,0.7,0.6849999999999999,0.315,0.42700000000000005,0.573,0.437,0.165
18,benchmark/targets/text/enwik9_10,BasicA0-japaneast,StandardF2sv2-westus2,tree,tree,5,5,time_compress,size_compress,18.0,8.0,10.0,5.8,12.2,3.1,2.7,4.9,7.3,0.389,0.27,0.611,0.73,0.5940000000000001,0.40599999999999997,0.41,0.5900000000000001,0.44800000000000006,0.145
19,benchmark/targets/text/enwik9_10,BasicA0-japaneast,StandardF2sv2-westus2,tree,tree,6,6,time_compress,size_compress,18.0,8.0,10.0,7.1,10.9,3.9,3.2,4.1,6.8,0.48600000000000004,0.32,0.514,0.6799999999999999,0.5549999999999999,0.445,0.38,0.62,0.507,0.169
20,benchmark/targets/text/enwik9_10,BasicA0-japaneast,StandardF2sv2-westus2,tree,tree,7,7,time_compress,size_compress,18.0,8.0,10.0,5.3,12.7,3.7,1.6,4.3,8.4,0.46399999999999997,0.16,0.536,0.8400000000000001,0.736,0.264,0.335,0.665,0.55,0.346
21,benchmark/targets/text/enwik9_10,BasicA0-japaneast,StandardF2sv2-westus2,tree,tree,8,8,time_compress,size_compress,18.0,8.0,10.0,6.4,11.6,4.3,2.1,3.7,7.9,0.536,0.21000000000000002,0.46399999999999997,0.79,0.6900000000000001,0.31,0.314,0.6859999999999999,0.588,0.348
22,benchmark/targets/text/enwik9_10,BasicA0-japaneast,StandardF2sv2-westus2,tree,tree,9,9,time_compress,size_compress,18.0,8.0,10.0,5.9,12.1,4.2,1.7,3.8,8.3,0.525,0.16999999999999998,0.475,0.8300000000000001,0.7609999999999999,0.23900000000000002,0.313,0.687,0.604,0.396
23,benchmark/targets/text/enwik9_10,BasicA0-japaneast,StandardF2sv2-westus2,tree,tree,10,10,time_compress,size_compress,18.0,8.0,10.0,5.1,12.9,4.2,0.9,3.8,9.1,0.525,0.09,0.475,0.9099999999999999,0.8480000000000001,0.152,0.29,0.71,0.638,0.488
24,benchmark/targets/text/enwik9_10,BasicA0-japaneast,StandardF2sv2-westus2,tree,tree,11,11,time_compress,size_compress,18.0,8.0,10.0,6.6,11.4,5.4,1.2,2.6,8.8,0.674,0.12000000000000002,0.32599999999999996,0.8800000000000001,0.828,0.17200000000000001,0.219,0.781,0.733,0.579
25,benchmark/targets/text/enwik9_10,BasicA0-japaneast,StandardF2sv2-westus2,tree,tree,12,12,time_compress,size_compress,18.0,8.0,10.0,6.7,11.3,5.5,1.2,2.5,8.8,0.686,0.12000000000000002,0.314,0.8800000000000001,0.8390000000000001,0.16099999999999998,0.217,0.783,0.747,0.592
26,benchmark/targets/text/enwik9_10,BasicA0-japaneast,StandardF2sv2-westus2,tree,tree,13,13,time_compress,size_compress,18.0,8.0,10.0,6.0,12.0,5.6,0.4,2.4,9.6,0.6990000000000001,0.04,0.301,0.96,0.9470000000000001,0.053000000000000005,0.192,0.808,0.7929999999999999,0.704
27,benchmark/targets/text/enwik9_10,BasicA0-japaneast,StandardF2sv2-westus2,tree,tree,14,14,time_compress,size_compress,18.0,8.0,10.0,7.2,10.8,6.6,0.6,1.4,9.4,0.826,0.06000000000000001,0.174,0.9400000000000001,0.9289999999999999,0.071,0.123,0.877,0.867,0.784
28,benchmark/targets/text/enwik9_10,BasicA0-japaneast,StandardF2sv2-westus2,tree,tree,15,15,time_compress,size_compress,18.0,8.0,10.0,7.4,10.6,7.1,0.3,0.9,9.7,0.89,0.030000000000000006,0.11000000000000001,0.97,0.9629999999999999,0.037,0.081,0.9189999999999999,0.9199999999999999,0.868
29,benchmark/targets/text/enwik9_10,BasicA0-japaneast,StandardF2sv2-westus2,tree,tree,16,16,time_compress,size_compress,18.0,8.0,10.0,7.5,10.5,7.2,0.3,0.8,9.7,0.9019999999999999,0.030000000000000006,0.098,0.97,0.9640000000000001,0.036,0.071,0.9289999999999999,0.9259999999999999,0.8789999999999999
30,benchmark/targets/text/enwik9_10,BasicA0-japaneast,StandardF2sv2-westus2,tree,tree,17,17,time_compress,size_compress,18.0,8.0,10.0,7.2,10.8,7.2,0.0,0.8,10.0,0.9029999999999999,0.0,0.097,1.0,1.0,0.0,0.071,0.929,0.944,0.913
31,benchmark/targets/text/enwik9_10,BasicA0-japaneast,StandardF2sv2-westus2,tree,tree,18,18,time_compress,size_compress,18.0,8.0,10.0,8.0,10.0,8.0,0.0,0.0,10.0,1.0,0.0,0.0,1.0,1.0,0.0,0.0,1.0,1.0,1.0
32,benchmark/targets/text/enwik9_10,BasicA0-westus2,StandardF2sv2-westus2,tree,linear,3,3,time_compress,size_compress,18.0,8.0,10.0,6.6,11.4,3.0,3.6,5.0,6.4,0.374,0.36,0.626,0.64,0.421,0.579,0.43599999999999994,0.564,0.46,0.0010000000000000009
33,benchmark/targets/text/enwik9_10,BasicA0-westus2,StandardF2sv2-westus2,tree,linear,4,4,time_compress,size_compress,18.0,8.0,10.0,6.6,11.4,3.6,3.0,4.4,7.0,0.45,0.3,0.55,0.7,0.614,0.386,0.391,0.609,0.5366666666666666,0.18
34,benchmark/targets/text/enwik9_10,BasicA0-westus2,StandardF2sv2-westus2,tree,linear,5,5,time_compress,size_compress,18.0,8.0,10.0,5.5,12.5,3.4,2.1,4.6,7.9,0.426,0.21000000000000002,0.5740000000000001,0.79,0.7,0.3,0.366,0.634,0.49700000000000005,0.26399999999999996
35,benchmark/targets/text/enwik9_10,BasicA0-westus2,StandardF2sv2-westus2,tree,linear,6,6,time_compress,size_compress,18.0,8.0,10.0,5.6,12.4,3.4,2.2,4.6,7.8,0.426,0.22000000000000003,0.5740000000000001,0.78,0.667,0.333,0.374,0.626,0.497,0.242
36,benchmark/targets/text/enwik9_10,BasicA0-westus2,StandardF2sv2-westus2,tree,linear,7,7,time_compress,size_compress,18.0,8.0,10.0,5.7,12.3,4.6,1.1,3.4,8.9,0.5730000000000001,0.11000000000000001,0.42699999999999994,0.89,0.8300000000000001,0.16999999999999998,0.272,0.728,0.6679999999999999,0.506
37,benchmark/targets/text/enwik9_10,BasicA0-westus2,StandardF2sv2-westus2,tree,linear,8,8,time_compress,size_compress,18.0,8.0,10.0,6.0,12.0,4.4,1.6,3.6,8.4,0.549,0.16,0.45099999999999996,0.8400000000000001,0.737,0.263,0.296,0.704,0.62,0.41200000000000003
38,benchmark/targets/text/enwik9_10,BasicA0-westus2,StandardF2sv2-westus2,tree,linear,9,9,time_compress,size_compress,18.0,8.0,10.0,6.4,11.6,4.6,1.8,3.4,8.2,0.5740000000000001,0.18,0.426,0.82,0.717,0.28300000000000003,0.286,0.714,0.628,0.41
39,benchmark/targets/text/enwik9_10,BasicA0-westus2,StandardF2sv2-westus2,tree,linear,10,10,time_compress,size_compress,18.0,8.0,10.0,6.1,11.9,4.5,1.6,3.5,8.4,0.562,0.16,0.438,0.8400000000000001,0.78,0.22000000000000003,0.29300000000000004,0.7070000000000001,0.624,0.44000000000000006
40,benchmark/targets/text/enwik9_10,BasicA0-westus2,StandardF2sv2-westus2,tree,linear,11,11,time_compress,size_compress,18.0,8.0,10.0,6.7,11.3,5.5,1.2,2.5,8.8,0.687,0.12,0.313,0.8800000000000001,0.845,0.155,0.21800000000000003,0.782,0.748,0.595
41,benchmark/targets/text/enwik9_10,BasicA0-westus2,StandardF2sv2-westus2,tree,linear,12,12,time_compress,size_compress,18.0,8.0,10.0,7.1,10.9,5.6,1.5,2.4,8.5,0.7,0.15,0.3,0.85,0.784,0.21600000000000003,0.20800000000000002,0.792,0.728,0.561
42,benchmark/targets/text/enwik9_10,BasicA0-westus2,StandardF2sv2-westus2,tree,linear,13,13,time_compress,size_compress,18.0,8.0,10.0,6.3,11.7,5.5,0.8,2.5,9.2,0.687,0.08,0.313,0.9199999999999999,0.883,0.11700000000000002,0.21000000000000002,0.79,0.766,0.637
43,benchmark/targets/text/enwik9_10,BasicA0-westus2,StandardF2sv2-westus2,tree,linear,14,14,time_compress,size_compress,18.0,8.0,10.0,7.0,11.0,6.2,0.8,1.8,9.2,0.776,0.08,0.22400000000000003,0.9199999999999999,0.892,0.10800000000000001,0.16,0.8400000000000001,0.825,0.712
44,benchmark/targets/text/enwik9_10,BasicA0-westus2,StandardF2sv2-westus2,tree,linear,15,15,time_compress,size_compress,18.0,8.0,10.0,7.1,10.9,6.3,0.8,1.7,9.2,0.788,0.08,0.21200000000000002,0.9199999999999999,0.89,0.11000000000000001,0.151,0.849,0.8310000000000001,0.721
45,benchmark/targets/text/enwik9_10,BasicA0-westus2,StandardF2sv2-westus2,tree,linear,16,16,time_compress,size_compress,18.0,8.0,10.0,7.8,10.2,7.0,0.8,1.0,9.2,0.877,0.08,0.123,0.9199999999999999,0.9029999999999999,0.097,0.092,0.908,0.885,0.8009999999999999
46,benchmark/targets/text/enwik9_10,BasicA0-westus2,StandardF2sv2-westus2,tree,linear,17,17,time_compress,size_compress,18.0,8.0,10.0,8.5,9.5,7.6,0.9,0.4,9.1,0.951,0.09,0.049,0.9099999999999999,0.8960000000000001,0.10400000000000001,0.038,0.9620000000000001,0.9199999999999999,0.8560000000000001
47,benchmark/targets/text/enwik9_10,BasicA0-westus2,StandardF2sv2-westus2,tree,linear,18,18,time_compress,size_compress,18.0,8.0,10.0,9.0,9.0,8.0,1.0,0.0,9.0,1.0,0.1,0.0,0.9,0.89,0.11000000000000001,0.0,1.0,0.9399999999999998,0.89
48,benchmark/targets/text/enwik9_10,BasicA0-westus2,StandardF2sv2-westus2,tree,tree,3,3,time_compress,size_compress,18.0,8.0,10.0,6.7,11.3,4.0,2.7,4.0,7.3,0.499,0.27,0.501,0.73,0.687,0.313,0.3533333333333333,0.6466666666666667,0.519,0.3011111111111111
49,benchmark/targets/text/enwik9_10,BasicA0-westus2,StandardF2sv2-westus2,tree,tree,4,4,time_compress,size_compress,18.0,8.0,10.0,6.6,11.4,3.5,3.1,4.5,6.9,0.438,0.31,0.562,0.6900000000000001,0.53,0.47000000000000003,0.40099999999999997,0.599,0.5211111111111111,0.131
50,benchmark/targets/text/enwik9_10,BasicA0-westus2,StandardF2sv2-westus2,tree,tree,5,5,time_compress,size_compress,18.0,8.0,10.0,5.9,12.1,3.4,2.5,4.6,7.5,0.426,0.25,0.5740000000000001,0.75,0.64,0.36,0.382,0.618,0.485,0.209
51,benchmark/targets/text/enwik9_10,BasicA0-westus2,StandardF2sv2-westus2,tree,tree,6,6,time_compress,size_compress,18.0,8.0,10.0,7.6,10.4,4.3,3.3,3.7,6.7,0.537,0.33,0.46299999999999997,0.67,0.578,0.422,0.34777777777777774,0.6522222222222223,0.537,0.23444444444444443
52,benchmark/targets/text/enwik9_10,BasicA0-westus2,StandardF2sv2-westus2,tree,tree,7,7,time_compress,size_compress,18.0,8.0,10.0,5.4,12.6,3.9,1.5,4.1,8.5,0.489,0.15,0.511,0.85,0.735,0.265,0.32199999999999995,0.678,0.577,0.372
53,benchmark/targets/text/enwik9_10,BasicA0-westus2,StandardF2sv2-westus2,tree,tree,8,8,time_compress,size_compress,18.0,8.0,10.0,7.4,10.6,5.5,1.9,2.5,8.1,0.686,0.19,0.314,0.8099999999999999,0.769,0.231,0.22999999999999998,0.77,0.714,0.514
54,benchmark/targets/text/enwik9_10,BasicA0-westus2,StandardF2sv2-westus2,tree,tree,9,9,time_compress,size_compress,18.0,8.0,10.0,5.5,12.5,4.4,1.1,3.6,8.9,0.5509999999999999,0.11000000000000001,0.449,0.89,0.82,0.18,0.282,0.718,0.645,0.484
55,benchmark/targets/text/enwik9_10,BasicA0-westus2,StandardF2sv2-westus2,tree,tree,10,10,time_compress,size_compress,18.0,8.0,10.0,6.5,11.5,5.0,1.5,3.0,8.5,0.624,0.15,0.376,0.85,0.7859999999999999,0.21400000000000002,0.253,0.747,0.6839999999999999,0.5
56,benchmark/targets/text/enwik9_10,BasicA0-westus2,StandardF2sv2-westus2,tree,tree,11,11,time_compress,size_compress,18.0,8.0,10.0,6.8,11.2,5.6,1.2,2.4,8.8,0.7,0.12000000000000002,0.3,0.8800000000000001,0.8310000000000001,0.16899999999999998,0.20099999999999998,0.7989999999999999,0.749,0.6020000000000001
57,benchmark/targets/text/enwik9_10,BasicA0-westus2,StandardF2sv2-westus2,tree,tree,12,12,time_compress,size_compress,18.0,8.0,10.0,6.2,11.8,5.3,0.9,2.7,9.1,0.6599999999999999,0.09,0.33999999999999997,0.9099999999999999,0.867,0.133,0.22800000000000004,0.772,0.747,0.603
58,benchmark/targets/text/enwik9_10,BasicA0-westus2,StandardF2sv2-westus2,tree,tree,13,13,time_compress,size_compress,18.0,8.0,10.0,6.5,11.5,6.2,0.3,1.8,9.7,0.775,0.030000000000000006,0.225,0.97,0.9550000000000001,0.045,0.151,0.849,0.852,0.773
59,benchmark/targets/text/enwik9_10,BasicA0-westus2,StandardF2sv2-westus2,tree,tree,14,14,time_compress,size_compress,18.0,8.0,10.0,7.1,10.9,6.4,0.7,1.6,9.3,0.8009999999999999,0.07,0.199,0.93,0.9109999999999999,0.089,0.143,0.857,0.8460000000000001,0.746
60,benchmark/targets/text/enwik9_10,BasicA0-westus2,StandardF2sv2-westus2,tree,tree,15,15,time_compress,size_compress,18.0,8.0,10.0,7.2,10.8,6.8,0.4,1.2,9.6,0.853,0.04,0.147,0.96,0.951,0.049,0.10800000000000001,0.892,0.8939999999999999,0.825
61,benchmark/targets/text/enwik9_10,BasicA0-westus2,StandardF2sv2-westus2,tree,tree,16,16,time_compress,size_compress,18.0,8.0,10.0,7.3,10.7,7.1,0.2,0.9,9.8,0.89,0.02,0.11000000000000001,0.9800000000000001,0.977,0.023,0.08,0.9199999999999999,0.9259999999999999,0.881
62,benchmark/targets/text/enwik9_10,BasicA0-westus2,StandardF2sv2-westus2,tree,tree,17,17,time_compress,size_compress,18.0,8.0,10.0,7.8,10.2,7.8,0.0,0.2,10.0,0.976,0.0,0.024,1.0,1.0,0.0,0.018,0.982,0.986,0.978
63,benchmark/targets/text/enwik9_10,BasicA0-westus2,StandardF2sv2-westus2,tree,tree,18,18,time_compress,size_compress,18.0,8.0,10.0,8.0,10.0,8.0,0.0,0.0,10.0,1.0,0.0,0.0,1.0,1.0,0.0,0.0,1.0,1.0,1.0
64,benchmark/targets/text/enwik9_10,BasicA1-brazilsouth,StandardF2sv2-westus2,tree,linear,3,3,time_compress,size_compress,18.0,8.0,10.0,6.3,11.7,3.5,2.8,4.5,7.2,0.438,0.27999999999999997,0.562,0.72,0.537,0.46299999999999997,0.37,0.63,0.5155555555555555,0.162
65,benchmark/targets/text/enwik9_10,BasicA1-brazilsouth,StandardF2sv2-westus2,tree,linear,4,4,time_compress,size_compress,18.0,8.0,10.0,5.6,12.4,3.1,2.5,4.9,7.5,0.387,0.25,0.613,0.75,0.563,0.437,0.39299999999999996,0.607,0.4933333333333334,0.152
66,benchmark/targets/text/enwik9_10,BasicA1-brazilsouth,StandardF2sv2-westus2,tree,linear,5,5,time_compress,size_compress,18.0,8.0,10.0,7.4,10.6,4.6,2.8,3.4,7.2,0.5730000000000001,0.27999999999999997,0.42699999999999994,0.72,0.613,0.387,0.319,0.6809999999999999,0.6499999999999999,0.294
67,benchmark/targets/text/enwik9_10,BasicA1-brazilsouth,StandardF2sv2-westus2,tree,linear,6,6,time_compress,size_compress,18.0,8.0,10.0,5.5,12.5,3.6,1.9,4.4,8.1,0.449,0.19,0.5509999999999999,0.8099999999999999,0.741,0.259,0.34900000000000003,0.651,0.513,0.31
68,benchmark/targets/text/enwik9_10,BasicA1-brazilsouth,StandardF2sv2-westus2,tree,linear,7,7,time_compress,size_compress,18.0,8.0,10.0,6.2,11.8,4.0,2.2,4.0,7.8,0.499,0.22000000000000003,0.501,0.78,0.685,0.315,0.339,0.661,0.5549999999999999,0.31
69,benchmark/targets/text/enwik9_10,BasicA1-brazilsouth,StandardF2sv2-westus2,tree,linear,8,8,time_compress,size_compress,18.0,8.0,10.0,5.8,12.2,4.3,1.5,3.7,8.5,0.5389999999999999,0.15,0.461,0.85,0.759,0.24100000000000002,0.29500000000000004,0.705,0.612,0.422
70,benchmark/targets/text/enwik9_10,BasicA1-brazilsouth,StandardF2sv2-westus2,tree,linear,9,9,time_compress,size_compress,18.0,8.0,10.0,4.5,13.5,3.8,0.7,4.2,9.3,0.476,0.07,0.524,0.93,0.852,0.148,0.309,0.6910000000000001,0.604,0.46699999999999997
71,benchmark/targets/text/enwik9_10,BasicA1-brazilsouth,StandardF2sv2-westus2,tree,linear,10,10,time_compress,size_compress,18.0,8.0,10.0,5.3,12.7,4.5,0.8,3.5,9.2,0.561,0.08,0.43899999999999995,0.9199999999999999,0.8640000000000001,0.136,0.27399999999999997,0.726,0.675,0.532
72,benchmark/targets/text/enwik9_10,BasicA1-brazilsouth,StandardF2sv2-westus2,tree,linear,11,11,time_compress,size_compress,18.0,8.0,10.0,6.1,11.9,5.0,1.1,3.0,8.9,0.622,0.11000000000000001,0.378,0.89,0.834,0.166,0.252,0.748,0.71,0.545
73,benchmark/targets/text/enwik9_10,BasicA1-brazilsouth,StandardF2sv2-westus2,tree,linear,12,12,time_compress,size_compress,18.0,8.0,10.0,5.3,12.7,4.4,0.9,3.6,9.1,0.55,0.09,0.45,0.9099999999999999,0.837,0.163,0.279,0.721,0.656,0.503
74,benchmark/targets/text/enwik9_10,BasicA1-brazilsouth,StandardF2sv2-westus2,tree,linear,13,13,time_compress,size_compress,18.0,8.0,10.0,5.9,12.1,5.0,0.9,3.0,9.1,0.624,0.09,0.376,0.9099999999999999,0.859,0.14100000000000001,0.242,0.758,0.713,0.572
75,benchmark/targets/text/enwik9_10,BasicA1-brazilsouth,StandardF2sv2-westus2,tree,linear,14,14,time_compress,size_compress,18.0,8.0,10.0,7.0,11.0,6.3,0.7,1.7,9.3,0.788,0.07,0.21200000000000002,0.93,0.906,0.094,0.151,0.849,0.8400000000000001,0.734
76,benchmark/targets/text/enwik9_10,BasicA1-brazilsouth,StandardF2sv2-westus2,tree,linear,15,15,time_compress,size_compress,18.0,8.0,10.0,5.8,12.2,5.6,0.2,2.4,9.8,0.6990000000000001,0.02,0.301,0.9800000000000001,0.9630000000000001,0.037,0.198,0.8019999999999999,0.8119999999999999,0.721
77,benchmark/targets/text/enwik9_10,BasicA1-brazilsouth,StandardF2sv2-westus2,tree,linear,16,16,time_compress,size_compress,18.0,8.0,10.0,6.5,11.5,6.5,0.0,1.5,10.0,0.8150000000000001,0.0,0.185,1.0,1.0,0.0,0.128,0.8720000000000001,0.893,0.8400000000000001
78,benchmark/targets/text/enwik9_10,BasicA1-brazilsouth,StandardF2sv2-westus2,tree,linear,17,17,time_compress,size_compress,18.0,8.0,10.0,6.9,11.1,6.9,0.0,1.1,10.0,0.867,0.0,0.133,1.0,1.0,0.0,0.098,0.9019999999999999,0.923,0.8800000000000001
79,benchmark/targets/text/enwik9_10,BasicA1-brazilsouth,StandardF2sv2-westus2,tree,linear,18,18,time_compress,size_compress,18.0,8.0,10.0,7.0,11.0,7.0,0.0,1.0,10.0,0.8800000000000001,0.0,0.12,1.0,1.0,0.0,0.09,0.9099999999999999,0.93,0.89
80,benchmark/targets/text/enwik9_10,BasicA1-brazilsouth,StandardF2sv2-westus2,tree,tree,3,3,time_compress,size_compress,18.0,8.0,10.0,5.2,12.8,2.4,2.8,5.6,7.2,0.29900000000000004,0.28,0.701,0.72,0.5640000000000001,0.43600000000000005,0.44299999999999995,0.557,0.37555555555555553,0.053000000000000005
81,benchmark/targets/text/enwik9_10,BasicA1-brazilsouth,StandardF2sv2-westus2,tree,tree,4,4,time_compress,size_compress,18.0,8.0,10.0,5.1,12.9,3.8,1.3,4.2,8.7,0.477,0.13,0.523,0.8699999999999999,0.754,0.246,0.302,0.698,0.556,0.392
82,benchmark/targets/text/enwik9_10,BasicA1-brazilsouth,StandardF2sv2-westus2,tree,tree,5,5,time_compress,size_compress,18.0,8.0,10.0,5.0,13.0,3.2,1.8,4.8,8.2,0.40099999999999997,0.18,0.599,0.82,0.732,0.268,0.374,0.626,0.48600000000000004,0.277
83,benchmark/targets/text/enwik9_10,BasicA1-brazilsouth,StandardF2sv2-westus2,tree,tree,6,6,time_compress,size_compress,18.0,8.0,10.0,7.4,10.6,4.1,3.3,3.9,6.7,0.512,0.32999999999999996,0.488,0.67,0.5820000000000001,0.418,0.359,0.641,0.5109999999999999,0.199
84,benchmark/targets/text/enwik9_10,BasicA1-brazilsouth,StandardF2sv2-westus2,tree,tree,7,7,time_compress,size_compress,18.0,8.0,10.0,5.6,12.4,3.8,1.8,4.2,8.2,0.476,0.18,0.524,0.82,0.696,0.304,0.335,0.665,0.5549999999999999,0.323
85,benchmark/targets/text/enwik9_10,BasicA1-brazilsouth,StandardF2sv2-westus2,tree,tree,8,8,time_compress,size_compress,18.0,8.0,10.0,5.7,12.3,4.2,1.5,3.8,8.5,0.524,0.15,0.476,0.85,0.755,0.24500000000000002,0.302,0.6980000000000001,0.604,0.40700000000000003
86,benchmark/targets/text/enwik9_10,BasicA1-brazilsouth,StandardF2sv2-westus2,tree,tree,9,9,time_compress,size_compress,18.0,8.0,10.0,6.9,11.1,4.7,2.2,3.3,7.8,0.588,0.22000000000000003,0.41200000000000003,0.78,0.697,0.30300000000000005,0.288,0.712,0.623,0.386
87,benchmark/targets/text/enwik9_10,BasicA1-brazilsouth,StandardF2sv2-westus2,tree,tree,10,10,time_compress,size_compress,18.0,8.0,10.0,5.6,12.4,5.1,0.5,2.9,9.5,0.637,0.05,0.363,0.95,0.9369999999999999,0.063,0.22200000000000003,0.778,0.7350000000000001,0.6439999999999999
88,benchmark/targets/text/enwik9_10,BasicA1-brazilsouth,StandardF2sv2-westus2,tree,tree,11,11,time_compress,size_compress,18.0,8.0,10.0,5.4,12.6,4.7,0.7,3.3,9.3,0.5860000000000001,0.06999999999999999,0.414,0.93,0.899,0.101,0.254,0.746,0.6900000000000001,0.5740000000000001
89,benchmark/targets/text/enwik9_10,BasicA1-brazilsouth,StandardF2sv2-westus2,tree,tree,12,12,time_compress,size_compress,18.0,8.0,10.0,5.5,12.5,4.9,0.6,3.1,9.4,0.613,0.06000000000000001,0.387,0.9400000000000001,0.8950000000000001,0.10500000000000001,0.242,0.758,0.718,0.597
90,benchmark/targets/text/enwik9_10,BasicA1-brazilsouth,StandardF2sv2-westus2,tree,tree,13,13,time_compress,size_compress,18.0,8.0,10.0,7.2,10.8,6.3,0.9,1.7,9.1,0.788,0.09,0.21200000000000002,0.9099999999999999,0.884,0.11600000000000002,0.148,0.852,0.8240000000000001,0.7140000000000001
91,benchmark/targets/text/enwik9_10,BasicA1-brazilsouth,StandardF2sv2-westus2,tree,tree,14,14,time_compress,size_compress,18.0,8.0,10.0,5.9,12.1,5.5,0.4,2.5,9.6,0.686,0.04,0.314,0.96,0.9349999999999999,0.065,0.20600000000000002,0.7939999999999999,0.791,0.6849999999999999
92,benchmark/targets/text/enwik9_10,BasicA1-brazilsouth,StandardF2sv2-westus2,tree,tree,15,15,time_compress,size_compress,18.0,8.0,10.0,7.1,10.9,6.7,0.4,1.3,9.6,0.8390000000000001,0.04,0.16099999999999998,0.96,0.9480000000000001,0.052000000000000005,0.11600000000000002,0.884,0.8870000000000001,0.8140000000000001
93,benchmark/targets/text/enwik9_10,BasicA1-brazilsouth,StandardF2sv2-westus2,tree,tree,16,16,time_compress,size_compress,18.0,8.0,10.0,7.7,10.3,7.5,0.2,0.5,9.8,0.9400000000000001,0.02,0.06,0.9800000000000001,0.976,0.024,0.047,0.9530000000000001,0.9550000000000001,0.923
94,benchmark/targets/text/enwik9_10,BasicA1-brazilsouth,StandardF2sv2-westus2,tree,tree,17,17,time_compress,size_compress,18.0,8.0,10.0,7.7,10.3,7.7,0.0,0.3,10.0,0.9640000000000001,0.0,0.036,1.0,1.0,0.0,0.027000000000000003,0.9730000000000001,0.9789999999999999,0.967
95,benchmark/targets/text/enwik9_10,BasicA1-brazilsouth,StandardF2sv2-westus2,tree,tree,18,18,time_compress,size_compress,18.0,8.0,10.0,8.0,10.0,8.0,0.0,0.0,10.0,1.0,0.0,0.0,1.0,1.0,0.0,0.0,1.0,1.0,1.0
96,benchmark/targets/text/enwik9_10,BasicA1-japaneast,StandardF2sv2-westus2,tree,linear,3,3,time_compress,size_compress,18.0,8.0,10.0,7.4,10.6,3.3,4.1,4.7,5.9,0.41200000000000003,0.41,0.588,0.5900000000000001,0.41100000000000003,0.589,0.44299999999999995,0.557,0.43,-0.009
97,benchmark/targets/text/enwik9_10,BasicA1-japaneast,StandardF2sv2-westus2,tree,linear,4,4,time_compress,size_compress,18.0,8.0,10.0,6.4,11.6,3.8,2.6,4.2,7.4,0.475,0.26,0.525,0.74,0.643,0.357,0.364,0.6359999999999999,0.525,0.24299999999999997
98,benchmark/targets/text/enwik9_10,BasicA1-japaneast,StandardF2sv2-westus2,tree,linear,5,5,time_compress,size_compress,18.0,8.0,10.0,6.9,11.1,3.7,3.2,4.3,6.8,0.462,0.32,0.538,0.6799999999999999,0.568,0.43200000000000005,0.392,0.608,0.495,0.15799999999999997
99,benchmark/targets/text/enwik9_10,BasicA1-japaneast,StandardF2sv2-westus2,tree,linear,6,6,time_compress,size_compress,18.0,8.0,10.0,6.2,11.8,4.0,2.2,4.0,7.8,0.5,0.22000000000000003,0.5,0.78,0.679,0.321,0.33599999999999997,0.6639999999999999,0.556,0.30700000000000005
100,benchmark/targets/text/enwik9_10,BasicA1-japaneast,StandardF2sv2-westus2,tree,linear,7,7,time_compress,size_compress,18.0,8.0,10.0,5.5,12.5,3.9,1.6,4.1,8.4,0.489,0.16,0.511,0.8400000000000001,0.7310000000000001,0.269,0.32,0.6799999999999999,0.5650000000000001,0.364
101,benchmark/targets/text/enwik9_10,BasicA1-japaneast,StandardF2sv2-westus2,tree,linear,8,8,time_compress,size_compress,18.0,8.0,10.0,6.0,12.0,4.7,1.3,3.3,8.7,0.587,0.13,0.413,0.8700000000000001,0.7729999999999999,0.227,0.269,0.731,0.6639999999999999,0.477
102,benchmark/targets/text/enwik9_10,BasicA1-japaneast,StandardF2sv2-westus2,tree,linear,9,9,time_compress,size_compress,18.0,8.0,10.0,5.6,12.4,4.1,1.5,3.9,8.5,0.513,0.15,0.487,0.85,0.75,0.25,0.312,0.688,0.6,0.396
103,benchmark/targets/text/enwik9_10,BasicA1-japaneast,StandardF2sv2-westus2,tree,linear,10,10,time_compress,size_compress,18.0,8.0,10.0,5.5,12.5,4.2,1.3,3.8,8.7,0.523,0.13,0.477,0.8699999999999999,0.773,0.227,0.30100000000000005,0.6990000000000001,0.616,0.429
104,benchmark/targets/text/enwik9_10,BasicA1-japaneast,StandardF2sv2-westus2,tree,linear,11,11,time_compress,size_compress,18.0,8.0,10.0,7.0,11.0,5.5,1.5,2.5,8.5,0.686,0.15,0.314,0.85,0.807,0.193,0.225,0.775,0.732,0.557
105,benchmark/targets/text/enwik9_10,BasicA1-japaneast,StandardF2sv2-westus2,tree,linear,12,12,time_compress,size_compress,18.0,8.0,10.0,7.2,10.8,6.0,1.2,2.0,8.8,0.75,0.12,0.25,0.8800000000000001,0.835,0.165,0.16699999999999998,0.833,0.775,0.647
106,benchmark/targets/text/enwik9_10,BasicA1-japaneast,StandardF2sv2-westus2,tree,linear,13,13,time_compress,size_compress,18.0,8.0,10.0,5.8,12.2,5.4,0.4,2.6,9.6,0.675,0.04,0.325,0.96,0.932,0.068,0.207,0.7929999999999999,0.774,0.675
107,benchmark/targets/text/enwik9_10,BasicA1-japaneast,StandardF2sv2-westus2,tree,linear,14,14,time_compress,size_compress,18.0,8.0,10.0,6.8,11.2,5.9,0.9,2.1,9.1,0.738,0.09,0.262,0.9099999999999999,0.867,0.133,0.183,0.817,0.7929999999999999,0.663
108,benchmark/targets/text/enwik9_10,BasicA1-japaneast,StandardF2sv2-westus2,tree,linear,15,15,time_compress,size_compress,18.0,8.0,10.0,7.7,10.3,7.0,0.7,1.0,9.3,0.8779999999999999,0.07,0.122,0.93,0.9189999999999999,0.081,0.092,0.908,0.892,0.8150000000000001
109,benchmark/targets/text/enwik9_10,BasicA1-japaneast,StandardF2sv2-westus2,tree,linear,16,16,time_compress,size_compress,18.0,8.0,10.0,7.8,10.2,7.0,0.8,1.0,9.2,0.877,0.08,0.123,0.9199999999999999,0.9029999999999999,0.097,0.094,0.906,0.8859999999999999,0.8009999999999999
110,benchmark/targets/text/enwik9_10,BasicA1-japaneast,StandardF2sv2-westus2,tree,linear,17,17,time_compress,size_compress,18.0,8.0,10.0,8.8,9.2,7.8,1.0,0.2,9.0,0.976,0.1,0.024,0.9,0.89,0.11000000000000001,0.02,0.9800000000000001,0.9289999999999999,0.8699999999999999
111,benchmark/targets/text/enwik9_10,BasicA1-japaneast,StandardF2sv2-westus2,tree,linear,18,18,time_compress,size_compress,18.0,8.0,10.0,9.0,9.0,8.0,1.0,0.0,9.0,1.0,0.1,0.0,0.9,0.89,0.11000000000000001,0.0,1.0,0.9399999999999998,0.89
112,benchmark/targets/text/enwik9_10,BasicA1-japaneast,StandardF2sv2-westus2,tree,tree,3,3,time_compress,size_compress,18.0,8.0,10.0,6.5,11.5,3.3,3.2,4.7,6.8,0.41100000000000003,0.31999999999999995,0.589,0.6799999999999999,0.5980000000000001,0.40199999999999997,0.40599999999999997,0.594,0.418,0.124
113,benchmark/targets/text/enwik9_10,BasicA1-japaneast,StandardF2sv2-westus2,tree,tree,4,4,time_compress,size_compress,18.0,8.0,10.0,6.3,11.7,3.4,2.9,4.6,7.1,0.425,0.29,0.575,0.71,0.5730000000000001,0.42700000000000005,0.403,0.597,0.4911111111111111,0.15
114,benchmark/targets/text/enwik9_10,BasicA1-japaneast,StandardF2sv2-westus2,tree,tree,5,5,time_compress,size_compress,18.0,8.0,10.0,5.8,12.2,3.5,2.3,4.5,7.7,0.43600000000000005,0.22999999999999998,0.564,0.77,0.658,0.34199999999999997,0.369,0.631,0.485,0.23700000000000002
115,benchmark/targets/text/enwik9_10,BasicA1-japaneast,StandardF2sv2-westus2,tree,tree,6,6,time_compress,size_compress,18.0,8.0,10.0,5.7,12.3,4.1,1.6,3.9,8.4,0.512,0.16,0.488,0.8400000000000001,0.736,0.264,0.31100000000000005,0.689,0.592,0.384
116,benchmark/targets/text/enwik9_10,BasicA1-japaneast,StandardF2sv2-westus2,tree,tree,7,7,time_compress,size_compress,18.0,8.0,10.0,5.2,12.8,3.7,1.5,4.3,8.5,0.465,0.15,0.5349999999999999,0.85,0.741,0.259,0.33399999999999996,0.666,0.558,0.35300000000000004
117,benchmark/targets/text/enwik9_10,BasicA1-japaneast,StandardF2sv2-westus2,tree,tree,8,8,time_compress,size_compress,18.0,8.0,10.0,5.9,12.1,4.1,1.8,3.9,8.2,0.514,0.18,0.48600000000000004,0.82,0.717,0.28300000000000003,0.31399999999999995,0.686,0.58,0.364
118,benchmark/targets/text/enwik9_10,BasicA1-japaneast,StandardF2sv2-westus2,tree,tree,9,9,time_compress,size_compress,18.0,8.0,10.0,5.7,12.3,4.7,1.0,3.3,9.0,0.5900000000000001,0.1,0.41,0.9,0.857,0.143,0.251,0.749,0.666,0.54
119,benchmark/targets/text/enwik9_10,BasicA1-japaneast,StandardF2sv2-westus2,tree,tree,10,10,time_compress,size_compress,18.0,8.0,10.0,6.0,12.0,5.0,1.0,3.0,9.0,0.624,0.1,0.376,0.9,0.8310000000000001,0.16899999999999998,0.24700000000000003,0.7529999999999999,0.71,0.552
120,benchmark/targets/text/enwik9_10,BasicA1-japaneast,StandardF2sv2-westus2,tree,tree,11,11,time_compress,size_compress,18.0,8.0,10.0,5.9,12.1,5.0,0.9,3.0,9.1,0.624,0.09,0.376,0.9099999999999999,0.8640000000000001,0.136,0.24100000000000002,0.759,0.713,0.575
121,benchmark/targets/text/enwik9_10,BasicA1-japaneast,StandardF2sv2-westus2,tree,tree,12,12,time_compress,size_compress,18.0,8.0,10.0,7.4,10.6,6.1,1.3,1.9,8.7,0.763,0.13,0.23700000000000002,0.8699999999999999,0.841,0.159,0.175,0.825,0.7929999999999999,0.646
122,benchmark/targets/text/enwik9_10,BasicA1-japaneast,StandardF2sv2-westus2,tree,tree,13,13,time_compress,size_compress,18.0,8.0,10.0,6.4,11.6,5.6,0.8,2.4,9.2,0.7,0.08,0.3,0.9199999999999999,0.8789999999999999,0.121,0.203,0.7969999999999999,0.774,0.645
123,benchmark/targets/text/enwik9_10,BasicA1-japaneast,StandardF2sv2-westus2,tree,tree,14,14,time_compress,size_compress,18.0,8.0,10.0,6.4,11.6,6.3,0.1,1.7,9.9,0.788,0.01,0.21200000000000002,0.99,0.986,0.014000000000000002,0.142,0.858,0.8710000000000001,0.808
124,benchmark/targets/text/enwik9_10,BasicA1-japaneast,StandardF2sv2-westus2,tree,tree,15,15,time_compress,size_compress,18.0,8.0,10.0,7.5,10.5,7.1,0.4,0.9,9.6,0.89,0.04,0.11000000000000001,0.96,0.9560000000000001,0.044,0.081,0.9189999999999999,0.916,0.861
125,benchmark/targets/text/enwik9_10,BasicA1-japaneast,StandardF2sv2-westus2,tree,tree,16,16,time_compress,size_compress,18.0,8.0,10.0,7.7,10.3,7.5,0.2,0.5,9.8,0.9390000000000001,0.02,0.061,0.9800000000000001,0.977,0.023,0.045,0.9550000000000001,0.954,0.924
126,benchmark/targets/text/enwik9_10,BasicA1-japaneast,StandardF2sv2-westus2,tree,tree,17,17,time_compress,size_compress,18.0,8.0,10.0,7.7,10.3,7.6,0.1,0.4,9.9,0.952,0.01,0.048,0.99,0.9890000000000001,0.011,0.036,0.9640000000000001,0.966,0.945
127,benchmark/targets/text/enwik9_10,BasicA1-japaneast,StandardF2sv2-westus2,tree,tree,18,18,time_compress,size_compress,18.0,8.0,10.0,8.0,10.0,8.0,0.0,0.0,10.0,1.0,0.0,0.0,1.0,1.0,0.0,0.0,1.0,1.0,1.0
128,benchmark/targets/text/enwik9_10,BasicA1-westus2,StandardF2sv2-westus2,tree,linear,3,3,time_compress,size_compress,18.0,8.0,10.0,6.2,11.8,2.2,4.0,5.8,6.0,0.275,0.4,0.725,0.6,0.348,0.6519999999999999,0.484,0.516,0.47,-0.128
129,benchmark/targets/text/enwik9_10,BasicA1-westus2,StandardF2sv2-westus2,tree,linear,4,4,time_compress,size_compress,18.0,8.0,10.0,7.3,10.7,3.7,3.6,4.3,6.4,0.46399999999999997,0.36,0.536,0.64,0.5810000000000001,0.41899999999999993,0.41600000000000004,0.584,0.47400000000000003,0.124
130,benchmark/targets/text/enwik9_10,BasicA1-westus2,StandardF2sv2-westus2,tree,linear,5,5,time_compress,size_compress,18.0,8.0,10.0,7.7,10.3,4.3,3.4,3.7,6.6,0.537,0.33999999999999997,0.46299999999999997,0.6599999999999999,0.5780000000000001,0.422,0.35300000000000004,0.647,0.532,0.21000000000000002
131,benchmark/targets/text/enwik9_10,BasicA1-westus2,StandardF2sv2-westus2,tree,linear,6,6,time_compress,size_compress,18.0,8.0,10.0,4.5,13.5,3.5,1.0,4.5,9.0,0.437,0.1,0.563,0.9,0.808,0.192,0.32,0.6799999999999999,0.529,0.396
132,benchmark/targets/text/enwik9_10,BasicA1-westus2,StandardF2sv2-westus2,tree,linear,7,7,time_compress,size_compress,18.0,8.0,10.0,7.9,10.1,4.9,3.0,3.1,7.0,0.612,0.3,0.388,0.7,0.659,0.341,0.305,0.6950000000000001,0.611,0.331
133,benchmark/targets/text/enwik9_10,BasicA1-westus2,StandardF2sv2-westus2,tree,linear,8,8,time_compress,size_compress,18.0,8.0,10.0,4.9,13.1,3.5,1.4,4.5,8.6,0.43899999999999995,0.14,0.561,0.86,0.749,0.251,0.337,0.663,0.524,0.343
134,benchmark/targets/text/enwik9_10,BasicA1-westus2,StandardF2sv2-westus2,tree,linear,9,9,time_compress,size_compress,18.0,8.0,10.0,5.4,12.6,4.3,1.1,3.7,8.9,0.536,0.11000000000000001,0.46399999999999997,0.89,0.836,0.164,0.292,0.708,0.635,0.4800000000000001
135,benchmark/targets/text/enwik9_10,BasicA1-westus2,StandardF2sv2-westus2,tree,linear,10,10,time_compress,size_compress,18.0,8.0,10.0,5.4,12.6,4.2,1.2,3.8,8.8,0.525,0.12,0.475,0.8800000000000001,0.7969999999999999,0.20299999999999999,0.301,0.6990000000000001,0.627,0.44699999999999995
136,benchmark/targets/text/enwik9_10,BasicA1-westus2,StandardF2sv2-westus2,tree,linear,11,11,time_compress,size_compress,18.0,8.0,10.0,6.3,11.7,5.0,1.3,3.0,8.7,0.623,0.13,0.377,0.8699999999999999,0.806,0.194,0.255,0.745,0.6980000000000001,0.519
137,benchmark/targets/text/enwik9_10,BasicA1-westus2,StandardF2sv2-westus2,tree,linear,12,12,time_compress,size_compress,18.0,8.0,10.0,5.9,12.1,5.3,0.6,2.7,9.4,0.6599999999999999,0.06000000000000001,0.33999999999999997,0.9400000000000001,0.9029999999999999,0.097,0.22000000000000003,0.78,0.76,0.639
138,benchmark/targets/text/enwik9_10,BasicA1-westus2,StandardF2sv2-westus2,tree,linear,13,13,time_compress,size_compress,18.0,8.0,10.0,6.2,11.8,5.7,0.5,2.3,9.5,0.7110000000000001,0.05,0.28900000000000003,0.95,0.93,0.07,0.193,0.807,0.8019999999999999,0.696
139,benchmark/targets/text/enwik9_10,BasicA1-westus2,StandardF2sv2-westus2,tree,linear,14,14,time_compress,size_compress,18.0,8.0,10.0,6.7,11.3,6.4,0.3,1.6,9.7,0.8,0.030000000000000006,0.2,0.97,0.96,0.039999999999999994,0.133,0.867,0.865,0.7969999999999999
140,benchmark/targets/text/enwik9_10,BasicA1-westus2,StandardF2sv2-westus2,tree,linear,15,15,time_compress,size_compress,18.0,8.0,10.0,6.8,11.2,6.7,0.1,1.3,9.9,0.841,0.01,0.15899999999999997,0.99,0.9879999999999999,0.012,0.11499999999999999,0.885,0.9040000000000001,0.849
141,benchmark/targets/text/enwik9_10,BasicA1-westus2,StandardF2sv2-westus2,tree,linear,16,16,time_compress,size_compress,18.0,8.0,10.0,7.5,10.5,7.4,0.1,0.6,9.9,0.9269999999999999,0.01,0.073,0.99,0.9890000000000001,0.011,0.053000000000000005,0.9470000000000001,0.952,0.924
142,benchmark/targets/text/enwik9_10,BasicA1-westus2,StandardF2sv2-westus2,tree,linear,17,17,time_compress,size_compress,18.0,8.0,10.0,7.4,10.6,7.3,0.1,0.7,9.9,0.915,0.01,0.08499999999999999,0.99,0.9879999999999999,0.012,0.063,0.937,0.9460000000000001,0.913
143,benchmark/targets/text/enwik9_10,BasicA1-westus2,StandardF2sv2-westus2,tree,linear,18,18,time_compress,size_compress,18.0,8.0,10.0,8.0,10.0,8.0,0.0,0.0,10.0,1.0,0.0,0.0,1.0,1.0,0.0,0.0,1.0,1.0,1.0
144,benchmark/targets/text/enwik9_10,BasicA1-westus2,StandardF2sv2-westus2,tree,tree,3,3,time_compress,size_compress,18.0,8.0,10.0,7.7,10.3,3.4,4.3,4.6,5.7,0.426,0.43,0.5740000000000001,0.5700000000000001,0.49000000000000005,0.51,0.46399999999999997,0.536,0.4555555555555555,0.0030000000000000027
145,benchmark/targets/text/enwik9_10,BasicA1-westus2,StandardF2sv2-westus2,tree,tree,4,4,time_compress,size_compress,18.0,8.0,10.0,6.1,11.9,2.8,3.3,5.2,6.7,0.34900000000000003,0.32999999999999996,0.651,0.67,0.44699999999999995,0.553,0.437,0.563,0.46875,0.01600000000000001
146,benchmark/targets/text/enwik9_10,BasicA1-westus2,StandardF2sv2-westus2,tree,tree,5,5,time_compress,size_compress,18.0,8.0,10.0,6.8,11.2,3.3,3.5,4.7,6.5,0.413,0.35,0.587,0.65,0.557,0.44299999999999995,0.43,0.5700000000000001,0.42000000000000004,0.08399999999999999
147,benchmark/targets/text/enwik9_10,BasicA1-westus2,StandardF2sv2-westus2,tree,tree,6,6,time_compress,size_compress,18.0,8.0,10.0,7.4,10.6,4.3,3.1,3.7,6.9,0.536,0.31,0.46399999999999997,0.6900000000000001,0.608,0.392,0.354,0.646,0.5589999999999999,0.23700000000000002
148,benchmark/targets/text/enwik9_10,BasicA1-westus2,StandardF2sv2-westus2,tree,tree,7,7,time_compress,size_compress,18.0,8.0,10.0,5.5,12.5,4.2,1.3,3.8,8.7,0.525,0.13,0.475,0.8700000000000001,0.788,0.21200000000000002,0.282,0.718,0.604,0.44400000000000006
149,benchmark/targets/text/enwik9_10,BasicA1-westus2,StandardF2sv2-westus2,tree,tree,8,8,time_compress,size_compress,18.0,8.0,10.0,6.0,12.0,4.0,2.0,4.0,8.0,0.501,0.2,0.499,0.8,0.688,0.312,0.32599999999999996,0.674,0.5599999999999999,0.326
150,benchmark/targets/text/enwik9_10,BasicA1-westus2,StandardF2sv2-westus2,tree,tree,9,9,time_compress,size_compress,18.0,8.0,10.0,5.6,12.4,4.0,1.6,4.0,8.4,0.501,0.16,0.499,0.8400000000000001,0.774,0.22600000000000003,0.323,0.6769999999999999,0.588,0.389
151,benchmark/targets/text/enwik9_10,BasicA1-westus2,StandardF2sv2-westus2,tree,tree,10,10,time_compress,size_compress,18.0,8.0,10.0,6.2,11.8,5.0,1.2,3.0,8.8,0.623,0.12,0.377,0.8800000000000001,0.8220000000000001,0.178,0.238,0.762,0.692,0.54
152,benchmark/targets/text/enwik9_10,BasicA1-westus2,StandardF2sv2-westus2,tree,tree,11,11,time_compress,size_compress,18.0,8.0,10.0,6.3,11.7,5.7,0.6,2.3,9.4,0.7110000000000001,0.06000000000000001,0.28900000000000003,0.9400000000000001,0.913,0.087,0.189,0.8109999999999999,0.7929999999999999,0.6849999999999999
153,benchmark/targets/text/enwik9_10,BasicA1-westus2,StandardF2sv2-westus2,tree,tree,12,12,time_compress,size_compress,18.0,8.0,10.0,5.1,12.9,4.9,0.2,3.1,9.8,0.611,0.02,0.389,0.9800000000000001,0.966,0.034,0.23900000000000002,0.7609999999999999,0.746,0.655
154,benchmark/targets/text/enwik9_10,BasicA1-westus2,StandardF2sv2-westus2,tree,tree,13,13,time_compress,size_compress,18.0,8.0,10.0,7.0,11.0,6.2,0.8,1.8,9.2,0.775,0.08,0.225,0.9199999999999999,0.9019999999999999,0.098,0.157,0.843,0.825,0.717
155,benchmark/targets/text/enwik9_10,BasicA1-westus2,StandardF2sv2-westus2,tree,tree,14,14,time_compress,size_compress,18.0,8.0,10.0,7.2,10.8,6.8,0.4,1.2,9.6,0.852,0.04,0.148,0.96,0.95,0.05,0.10800000000000001,0.892,0.8949999999999999,0.826
156,benchmark/targets/text/enwik9_10,BasicA1-westus2,StandardF2sv2-westus2,tree,tree,15,15,time_compress,size_compress,18.0,8.0,10.0,7.3,10.7,7.2,0.1,0.8,9.9,0.901,0.01,0.099,0.99,0.9890000000000001,0.011,0.069,0.931,0.9380000000000001,0.9039999999999999
157,benchmark/targets/text/enwik9_10,BasicA1-westus2,StandardF2sv2-westus2,tree,tree,16,16,time_compress,size_compress,18.0,8.0,10.0,7.1,10.9,7.0,0.1,1.0,9.9,0.8789999999999999,0.01,0.121,0.99,0.9879999999999999,0.012,0.09,0.9099999999999999,0.925,0.8800000000000001
158,benchmark/targets/text/enwik9_10,BasicA1-westus2,StandardF2sv2-westus2,tree,tree,17,17,time_compress,size_compress,18.0,8.0,10.0,7.6,10.4,7.6,0.0,0.4,10.0,0.952,0.0,0.048,1.0,1.0,0.0,0.036,0.9640000000000001,0.9720000000000001,0.9560000000000001
159,benchmark/targets/text/enwik9_10,BasicA1-westus2,StandardF2sv2-westus2,tree,tree,18,18,time_compress,size_compress,18.0,8.0,10.0,8.0,10.0,8.0,0.0,0.0,10.0,1.0,0.0,0.0,1.0,1.0,0.0,0.0,1.0,1.0,1.0
160,benchmark/targets/text/enwik9_10,BasicA2-brazilsouth,StandardF2sv2-westus2,tree,linear,3,3,time_compress,size_compress,18.0,8.0,10.0,6.7,11.3,2.5,4.2,5.5,5.8,0.312,0.42000000000000004,0.688,0.58,0.4,0.6,0.492,0.508,0.4614285714285714,-0.10200000000000001
161,benchmark/targets/text/enwik9_10,BasicA2-brazilsouth,StandardF2sv2-westus2,tree,linear,4,4,time_compress,size_compress,18.0,8.0,10.0,6.3,11.7,3.1,3.2,4.9,6.8,0.388,0.32,0.612,0.68,0.5720000000000001,0.42800000000000005,0.42800000000000005,0.572,0.4766666666666667,0.1
162,benchmark/targets/text/enwik9_10,BasicA2-brazilsouth,StandardF2sv2-westus2,tree,linear,5,5,time_compress,size_compress,18.0,8.0,10.0,6.6,11.4,3.9,2.7,4.1,7.3,0.489,0.27,0.511,0.73,0.649,0.351,0.352,0.648,0.519,0.24900000000000003
163,benchmark/targets/text/enwik9_10,BasicA2-brazilsouth,StandardF2sv2-westus2,tree,linear,6,6,time_compress,size_compress,18.0,8.0,10.0,5.3,12.7,3.9,1.4,4.1,8.6,0.487,0.13999999999999999,0.513,0.86,0.796,0.20400000000000001,0.318,0.682,0.577,0.403
164,benchmark/targets/text/enwik9_10,BasicA2-brazilsouth,StandardF2sv2-westus2,tree,linear,7,7,time_compress,size_compress,18.0,8.0,10.0,5.3,12.7,3.7,1.6,4.3,8.4,0.46299999999999997,0.16,0.537,0.8400000000000001,0.737,0.263,0.333,0.667,0.548,0.34500000000000003
165,benchmark/targets/text/enwik9_10,BasicA2-brazilsouth,StandardF2sv2-westus2,tree,linear,8,8,time_compress,size_compress,18.0,8.0,10.0,4.4,13.6,3.3,1.1,4.7,8.9,0.414,0.11000000000000001,0.5860000000000001,0.89,0.818,0.182,0.343,0.657,0.524,0.376
166,benchmark/targets/text/enwik9_10,BasicA2-brazilsouth,StandardF2sv2-westus2,tree,linear,9,9,time_compress,size_compress,18.0,8.0,10.0,6.2,11.8,5.1,1.1,2.9,8.9,0.635,0.11000000000000001,0.365,0.89,0.835,0.16499999999999998,0.24300000000000002,0.757,0.718,0.556
167,benchmark/targets/text/enwik9_10,BasicA2-brazilsouth,StandardF2sv2-westus2,tree,linear,10,10,time_compress,size_compress,18.0,8.0,10.0,5.0,13.0,4.6,0.4,3.4,9.6,0.5730000000000001,0.04,0.42699999999999994,0.96,0.932,0.068,0.261,0.739,0.7060000000000001,0.598
168,benchmark/targets/text/enwik9_10,BasicA2-brazilsouth,StandardF2sv2-westus2,tree,linear,11,11,time_compress,size_compress,18.0,8.0,10.0,6.6,11.4,5.5,1.1,2.5,8.9,0.687,0.11000000000000001,0.313,0.89,0.8480000000000001,0.152,0.21400000000000002,0.7859999999999999,0.75,0.6020000000000001
169,benchmark/targets/text/enwik9_10,BasicA2-brazilsouth,StandardF2sv2-westus2,tree,linear,12,12,time_compress,size_compress,18.0,8.0,10.0,6.0,12.0,5.8,0.2,2.2,9.8,0.725,0.02,0.275,0.9800000000000001,0.9710000000000001,0.029000000000000005,0.179,0.8210000000000001,0.8240000000000001,0.746
170,benchmark/targets/text/enwik9_10,BasicA2-brazilsouth,StandardF2sv2-westus2,tree,linear,13,13,time_compress,size_compress,18.0,8.0,10.0,6.9,11.1,6.1,0.8,1.9,9.2,0.763,0.08,0.23700000000000002,0.9199999999999999,0.8879999999999999,0.11200000000000002,0.16799999999999998,0.8320000000000001,0.8160000000000001,0.6980000000000001
171,benchmark/targets/text/enwik9_10,BasicA2-brazilsouth,StandardF2sv2-westus2,tree,linear,14,14,time_compress,size_compress,18.0,8.0,10.0,6.9,11.1,6.6,0.3,1.4,9.7,0.828,0.030000000000000006,0.172,0.97,0.9629999999999999,0.037,0.126,0.874,0.8859999999999999,0.8150000000000001
172,benchmark/targets/text/enwik9_10,BasicA2-brazilsouth,StandardF2sv2-westus2,tree,linear,15,15,time_compress,size_compress,18.0,8.0,10.0,7.0,11.0,6.9,0.1,1.1,9.9,0.865,0.01,0.135,0.99,0.9879999999999999,0.012,0.097,0.9029999999999999,0.9179999999999999,0.8710000000000001
173,benchmark/targets/text/enwik9_10,BasicA2-brazilsouth,StandardF2sv2-westus2,tree,linear,16,16,time_compress,size_compress,18.0,8.0,10.0,7.3,10.7,7.1,0.2,0.9,9.8,0.89,0.02,0.11000000000000001,0.9800000000000001,0.974,0.026000000000000002,0.081,0.9189999999999999,0.9259999999999999,0.8790000000000001
174,benchmark/targets/text/enwik9_10,BasicA2-brazilsouth,StandardF2sv2-westus2,tree,linear,17,17,time_compress,size_compress,18.0,8.0,10.0,7.6,10.4,7.6,0.0,0.4,10.0,0.951,0.0,0.049,1.0,1.0,0.0,0.034999999999999996,0.9650000000000001,0.9720000000000001,0.9570000000000001
175,benchmark/targets/text/enwik9_10,BasicA2-brazilsouth,StandardF2sv2-westus2,tree,linear,18,18,time_compress,size_compress,18.0,8.0,10.0,8.0,10.0,8.0,0.0,0.0,10.0,1.0,0.0,0.0,1.0,1.0,0.0,0.0,1.0,1.0,1.0
176,benchmark/targets/text/enwik9_10,BasicA2-brazilsouth,StandardF2sv2-westus2,tree,tree,3,3,time_compress,size_compress,18.0,8.0,10.0,6.8,11.2,3.1,3.7,4.9,6.3,0.387,0.37,0.613,0.63,0.43899999999999995,0.561,0.41200000000000003,0.588,0.40222222222222226,0.022
177,benchmark/targets/text/enwik9_10,BasicA2-brazilsouth,StandardF2sv2-westus2,tree,tree,4,4,time_compress,size_compress,18.0,8.0,10.0,5.6,12.4,3.1,2.5,4.9,7.5,0.387,0.25,0.613,0.75,0.662,0.33799999999999997,0.40499999999999997,0.595,0.5022222222222222,0.187
178,benchmark/targets/text/enwik9_10,BasicA2-brazilsouth,StandardF2sv2-westus2,tree,tree,5,5,time_compress,size_compress,18.0,8.0,10.0,5.3,12.7,3.9,1.4,4.1,8.6,0.488,0.13999999999999999,0.512,0.86,0.775,0.225,0.317,0.683,0.576,0.395
179,benchmark/targets/text/enwik9_10,BasicA2-brazilsouth,StandardF2sv2-westus2,tree,tree,6,6,time_compress,size_compress,18.0,8.0,10.0,7.5,10.5,4.1,3.4,3.9,6.6,0.512,0.33999999999999997,0.488,0.6599999999999999,0.637,0.363,0.385,0.615,0.529,0.207
180,benchmark/targets/text/enwik9_10,BasicA2-brazilsouth,StandardF2sv2-westus2,tree,tree,7,7,time_compress,size_compress,18.0,8.0,10.0,6.3,11.7,4.3,2.0,3.7,8.0,0.536,0.2,0.46399999999999997,0.8,0.7060000000000001,0.294,0.30100000000000005,0.6990000000000001,0.5780000000000001,0.366
181,benchmark/targets/text/enwik9_10,BasicA2-brazilsouth,StandardF2sv2-westus2,tree,tree,8,8,time_compress,size_compress,18.0,8.0,10.0,5.8,12.2,4.7,1.1,3.3,8.9,0.5860000000000001,0.11000000000000001,0.414,0.89,0.843,0.157,0.267,0.733,0.679,0.521
182,benchmark/targets/text/enwik9_10,BasicA2-brazilsouth,StandardF2sv2-westus2,tree,tree,9,9,time_compress,size_compress,18.0,8.0,10.0,4.3,13.7,3.6,0.7,4.4,9.3,0.45099999999999996,0.07,0.549,0.93,0.8480000000000001,0.152,0.32,0.6799999999999999,0.583,0.446
183,benchmark/targets/text/enwik9_10,BasicA2-brazilsouth,StandardF2sv2-westus2,tree,tree,10,10,time_compress,size_compress,18.0,8.0,10.0,5.6,12.4,4.8,0.8,3.2,9.2,0.599,0.08,0.40099999999999997,0.9199999999999999,0.866,0.134,0.253,0.747,0.701,0.5599999999999999
184,benchmark/targets/text/enwik9_10,BasicA2-brazilsouth,StandardF2sv2-westus2,tree,tree,11,11,time_compress,size_compress,18.0,8.0,10.0,5.9,12.1,4.7,1.2,3.3,8.8,0.588,0.12,0.41200000000000003,0.8800000000000001,0.829,0.17099999999999999,0.26999999999999996,0.73,0.675,0.509
185,benchmark/targets/text/enwik9_10,BasicA2-brazilsouth,StandardF2sv2-westus2,tree,tree,12,12,time_compress,size_compress,18.0,8.0,10.0,6.5,11.5,5.3,1.2,2.7,8.8,0.6599999999999999,0.12000000000000002,0.33999999999999997,0.8800000000000001,0.829,0.17099999999999999,0.231,0.7689999999999999,0.7310000000000001,0.567
186,benchmark/targets/text/enwik9_10,BasicA2-brazilsouth,StandardF2sv2-westus2,tree,tree,13,13,time_compress,size_compress,18.0,8.0,10.0,7.3,10.7,6.4,0.9,1.6,9.1,0.8019999999999999,0.09,0.198,0.9099999999999999,0.892,0.10800000000000001,0.145,0.8550000000000001,0.834,0.726
187,benchmark/targets/text/enwik9_10,BasicA2-brazilsouth,StandardF2sv2-westus2,tree,tree,14,14,time_compress,size_compress,18.0,8.0,10.0,6.0,12.0,5.7,0.3,2.3,9.7,0.713,0.030000000000000006,0.28700000000000003,0.97,0.961,0.039,0.19,0.8099999999999999,0.812,0.725
188,benchmark/targets/text/enwik9_10,BasicA2-brazilsouth,StandardF2sv2-westus2,tree,tree,15,15,time_compress,size_compress,18.0,8.0,10.0,7.6,10.4,7.4,0.2,0.6,9.8,0.9279999999999999,0.02,0.072,0.9800000000000001,0.978,0.022,0.055999999999999994,0.944,0.9470000000000001,0.9119999999999999
189,benchmark/targets/text/enwik9_10,BasicA2-brazilsouth,StandardF2sv2-westus2,tree,tree,16,16,time_compress,size_compress,18.0,8.0,10.0,7.3,10.7,6.9,0.4,1.1,9.6,0.865,0.04,0.135,0.96,0.952,0.048,0.1,0.9,0.901,0.836
190,benchmark/targets/text/enwik9_10,BasicA2-brazilsouth,StandardF2sv2-westus2,tree,tree,17,17,time_compress,size_compress,18.0,8.0,10.0,7.7,10.3,7.7,0.0,0.3,10.0,0.9640000000000001,0.0,0.036,1.0,1.0,0.0,0.027000000000000003,0.9730000000000001,0.9789999999999999,0.967
191,benchmark/targets/text/enwik9_10,BasicA2-brazilsouth,StandardF2sv2-westus2,tree,tree,18,18,time_compress,size_compress,18.0,8.0,10.0,8.0,10.0,8.0,0.0,0.0,10.0,1.0,0.0,0.0,1.0,1.0,0.0,0.0,1.0,1.0,1.0
192,benchmark/targets/text/enwik9_10,StandardD2-australiasoutheast,StandardF2sv2-westus2,tree,linear,3,3,time_compress,size_compress,18.0,8.0,10.0,4.9,13.1,2.6,2.3,5.4,7.7,0.324,0.22999999999999998,0.6759999999999999,0.77,0.622,0.378,0.418,0.5820000000000001,0.42000000000000004,0.13699999999999998
193,benchmark/targets/text/enwik9_10,StandardD2-australiasoutheast,StandardF2sv2-westus2,tree,linear,4,4,time_compress,size_compress,18.0,8.0,10.0,5.3,12.7,2.6,2.7,5.4,7.3,0.32599999999999996,0.27,0.674,0.73,0.568,0.43200000000000005,0.433,0.567,0.49,0.088
194,benchmark/targets/text/enwik9_10,StandardD2-australiasoutheast,StandardF2sv2-westus2,tree,linear,5,5,time_compress,size_compress,18.0,8.0,10.0,4.8,13.2,2.9,1.9,5.1,8.1,0.365,0.19,0.635,0.8099999999999999,0.638,0.362,0.378,0.622,0.48666666666666664,0.20800000000000002
195,benchmark/targets/text/enwik9_10,StandardD2-australiasoutheast,StandardF2sv2-westus2,tree,linear,6,6,time_compress,size_compress,18.0,8.0,10.0,5.8,12.2,3.3,2.5,4.7,7.5,0.413,0.25,0.587,0.75,0.624,0.376,0.389,0.611,0.45899999999999996,0.192
196,benchmark/targets/text/enwik9_10,StandardD2-australiasoutheast,StandardF2sv2-westus2,tree,linear,7,7,time_compress,size_compress,18.0,8.0,10.0,7.3,10.7,4.6,2.7,3.4,7.3,0.575,0.27,0.425,0.73,0.648,0.352,0.311,0.689,0.595,0.318
197,benchmark/targets/text/enwik9_10,StandardD2-australiasoutheast,StandardF2sv2-westus2,tree,linear,8,8,time_compress,size_compress,18.0,8.0,10.0,5.6,12.4,4.3,1.3,3.7,8.7,0.5389999999999999,0.13,0.461,0.8699999999999999,0.7889999999999999,0.211,0.292,0.708,0.625,0.44800000000000006
198,benchmark/targets/text/enwik9_10,StandardD2-australiasoutheast,StandardF2sv2-westus2,tree,linear,9,9,time_compress,size_compress,18.0,8.0,10.0,6.9,11.1,5.3,1.6,2.7,8.4,0.661,0.16,0.339,0.8400000000000001,0.8089999999999999,0.191,0.24500000000000002,0.755,0.716,0.529
199,benchmark/targets/text/enwik9_10,StandardD2-australiasoutheast,StandardF2sv2-westus2,tree,linear,10,10,time_compress,size_compress,18.0,8.0,10.0,6.4,11.6,4.8,1.6,3.2,8.4,0.599,0.16,0.40099999999999997,0.8400000000000001,0.775,0.225,0.27,0.73,0.662,0.46699999999999997
200,benchmark/targets/text/enwik9_10,StandardD2-australiasoutheast,StandardF2sv2-westus2,tree,linear,11,11,time_compress,size_compress,18.0,8.0,10.0,5.9,12.1,4.7,1.2,3.3,8.8,0.585,0.12,0.41500000000000004,0.8800000000000001,0.825,0.175,0.273,0.727,0.6759999999999999,0.506
201,benchmark/targets/text/enwik9_10,StandardD2-australiasoutheast,StandardF2sv2-westus2,tree,linear,12,12,time_compress,size_compress,18.0,8.0,10.0,6.2,11.8,5.3,0.9,2.7,9.1,0.661,0.09,0.339,0.9099999999999999,0.866,0.134,0.223,0.777,0.74,0.603
202,benchmark/targets/text/enwik9_10,StandardD2-australiasoutheast,StandardF2sv2-westus2,tree,linear,13,13,time_compress,size_compress,18.0,8.0,10.0,6.9,11.1,6.2,0.7,1.8,9.3,0.776,0.07,0.22400000000000003,0.93,0.9109999999999999,0.089,0.159,0.841,0.833,0.7270000000000001
203,benchmark/targets/text/enwik9_10,StandardD2-australiasoutheast,StandardF2sv2-westus2,tree,linear,14,14,time_compress,size_compress,18.0,8.0,10.0,6.9,11.1,6.4,0.5,1.6,9.5,0.8019999999999999,0.05,0.198,0.95,0.9359999999999999,0.064,0.14300000000000002,0.857,0.861,0.771
204,benchmark/targets/text/enwik9_10,StandardD2-australiasoutheast,StandardF2sv2-westus2,tree,linear,15,15,time_compress,size_compress,18.0,8.0,10.0,7.3,10.7,6.7,0.6,1.3,9.4,0.8390000000000001,0.06000000000000001,0.16099999999999998,0.9400000000000001,0.9269999999999999,0.073,0.11700000000000002,0.883,0.876,0.794
205,benchmark/targets/text/enwik9_10,StandardD2-australiasoutheast,StandardF2sv2-westus2,tree,linear,16,16,time_compress,size_compress,18.0,8.0,10.0,7.2,10.8,7.1,0.1,0.9,9.9,0.891,0.01,0.10899999999999999,0.99,0.9879999999999999,0.012,0.081,0.9189999999999999,0.932,0.891
206,benchmark/targets/text/enwik9_10,StandardD2-australiasoutheast,StandardF2sv2-westus2,tree,linear,17,17,time_compress,size_compress,18.0,8.0,10.0,7.5,10.5,7.5,0.0,0.5,10.0,0.9390000000000001,0.0,0.061,1.0,1.0,0.0,0.044,0.9560000000000001,0.9650000000000001,0.9460000000000001
207,benchmark/targets/text/enwik9_10,StandardD2-australiasoutheast,StandardF2sv2-westus2,tree,linear,18,18,time_compress,size_compress,18.0,8.0,10.0,8.0,10.0,8.0,0.0,0.0,10.0,1.0,0.0,0.0,1.0,1.0,0.0,0.0,1.0,1.0,1.0
208,benchmark/targets/text/enwik9_10,StandardD2-australiasoutheast,StandardF2sv2-westus2,tree,tree,3,3,time_compress,size_compress,18.0,8.0,10.0,6.7,11.3,3.9,2.8,4.1,7.2,0.48600000000000004,0.28,0.514,0.72,0.622,0.378,0.333,0.667,0.513,0.24300000000000002
209,benchmark/targets/text/enwik9_10,StandardD2-australiasoutheast,StandardF2sv2-westus2,tree,tree,4,4,time_compress,size_compress,18.0,8.0,10.0,6.8,11.2,3.7,3.1,4.3,6.9,0.462,0.31,0.538,0.6900000000000001,0.592,0.40800000000000003,0.377,0.623,0.46799999999999997,0.174
210,benchmark/targets/text/enwik9_10,StandardD2-australiasoutheast,StandardF2sv2-westus2,tree,tree,5,5,time_compress,size_compress,18.0,8.0,10.0,8.0,10.0,4.5,3.5,3.5,6.5,0.562,0.35,0.438,0.65,0.575,0.425,0.35300000000000004,0.647,0.561,0.215
211,benchmark/targets/text/enwik9_10,StandardD2-australiasoutheast,StandardF2sv2-westus2,tree,tree,6,6,time_compress,size_compress,18.0,8.0,10.0,6.5,11.5,3.4,3.1,4.6,6.9,0.42699999999999994,0.31,0.5730000000000001,0.6900000000000001,0.537,0.46299999999999997,0.4,0.6,0.47000000000000003,0.12400000000000003
212,benchmark/targets/text/enwik9_10,StandardD2-australiasoutheast,StandardF2sv2-westus2,tree,tree,7,7,time_compress,size_compress,18.0,8.0,10.0,4.4,13.6,2.8,1.6,5.2,8.4,0.352,0.16,0.648,0.8400000000000001,0.6910000000000001,0.309,0.384,0.616,0.446,0.24
213,benchmark/targets/text/enwik9_10,StandardD2-australiasoutheast,StandardF2sv2-westus2,tree,tree,8,8,time_compress,size_compress,18.0,8.0,10.0,4.9,13.1,3.9,1.0,4.1,9.0,0.487,0.1,0.513,0.9,0.827,0.173,0.306,0.694,0.593,0.44400000000000006
214,benchmark/targets/text/enwik9_10,StandardD2-australiasoutheast,StandardF2sv2-westus2,tree,tree,9,9,time_compress,size_compress,18.0,8.0,10.0,6.4,11.6,4.7,1.7,3.3,8.3,0.588,0.16999999999999998,0.41200000000000003,0.8300000000000001,0.751,0.24900000000000003,0.27999999999999997,0.72,0.651,0.441
215,benchmark/targets/text/enwik9_10,StandardD2-australiasoutheast,StandardF2sv2-westus2,tree,tree,10,10,time_compress,size_compress,18.0,8.0,10.0,5.2,12.8,4.5,0.7,3.5,9.3,0.562,0.07,0.438,0.93,0.877,0.123,0.269,0.7310000000000001,0.6769999999999999,0.5439999999999999
216,benchmark/targets/text/enwik9_10,StandardD2-australiasoutheast,StandardF2sv2-westus2,tree,tree,11,11,time_compress,size_compress,18.0,8.0,10.0,5.7,12.3,5.0,0.7,3.0,9.3,0.624,0.07,0.376,0.93,0.8699999999999999,0.13,0.24,0.76,0.7230000000000001,0.589
217,benchmark/targets/text/enwik9_10,StandardD2-australiasoutheast,StandardF2sv2-westus2,tree,tree,12,12,time_compress,size_compress,18.0,8.0,10.0,6.7,11.3,5.5,1.2,2.5,8.8,0.686,0.12,0.314,0.8800000000000001,0.8310000000000001,0.169,0.22000000000000003,0.78,0.747,0.587
218,benchmark/targets/text/enwik9_10,StandardD2-australiasoutheast,StandardF2sv2-westus2,tree,tree,13,13,time_compress,size_compress,18.0,8.0,10.0,6.5,11.5,5.9,0.6,2.1,9.4,0.737,0.06000000000000001,0.263,0.9400000000000001,0.921,0.079,0.179,0.821,0.8130000000000001,0.7070000000000001
219,benchmark/targets/text/enwik9_10,StandardD2-australiasoutheast,StandardF2sv2-westus2,tree,tree,14,14,time_compress,size_compress,18.0,8.0,10.0,6.4,11.6,6.2,0.2,1.8,9.8,0.775,0.02,0.225,0.9800000000000001,0.9710000000000001,0.029000000000000005,0.152,0.8480000000000001,0.859,0.786
220,benchmark/targets/text/enwik9_10,StandardD2-australiasoutheast,StandardF2sv2-westus2,tree,tree,15,15,time_compress,size_compress,18.0,8.0,10.0,7.3,10.7,7.1,0.2,0.9,9.8,0.891,0.02,0.10899999999999999,0.9800000000000001,0.976,0.024,0.082,0.9179999999999999,0.9269999999999999,0.8800000000000001
221,benchmark/targets/text/enwik9_10,StandardD2-australiasoutheast,StandardF2sv2-westus2,tree,tree,16,16,time_compress,size_compress,18.0,8.0,10.0,7.6,10.4,7.5,0.1,0.5,9.9,0.9400000000000001,0.01,0.06,0.99,0.9890000000000001,0.011,0.045,0.9550000000000001,0.959,0.9339999999999999
222,benchmark/targets/text/enwik9_10,StandardD2-australiasoutheast,StandardF2sv2-westus2,tree,tree,17,17,time_compress,size_compress,18.0,8.0,10.0,7.8,10.2,7.8,0.0,0.2,10.0,0.976,0.0,0.024,1.0,1.0,0.0,0.018,0.982,0.986,0.9780000000000001
223,benchmark/targets/text/enwik9_10,StandardD2-australiasoutheast,StandardF2sv2-westus2,tree,tree,18,18,time_compress,size_compress,18.0,8.0,10.0,8.0,10.0,8.0,0.0,0.0,10.0,1.0,0.0,0.0,1.0,1.0,0.0,0.0,1.0,1.0,1.0
224,benchmark/targets/text/enwik9_10,StandardD2v3-australiasoutheast,StandardF2sv2-westus2,tree,linear,3,3,time_compress,size_compress,18.0,8.0,10.0,8.1,9.9,4.4,3.7,3.6,6.3,0.5509999999999999,0.37,0.449,0.63,0.521,0.479,0.346,0.654,0.6625,0.17800000000000002
225,benchmark/targets/text/enwik9_10,StandardD2v3-australiasoutheast,StandardF2sv2-westus2,tree,linear,4,4,time_compress,size_compress,18.0,8.0,10.0,6.2,11.8,3.8,2.4,4.2,7.6,0.475,0.24,0.525,0.76,0.61,0.39,0.344,0.656,0.516,0.248
226,benchmark/targets/text/enwik9_10,StandardD2v3-australiasoutheast,StandardF2sv2-westus2,tree,linear,5,5,time_compress,size_compress,18.0,8.0,10.0,4.5,13.5,2.7,1.8,5.3,8.2,0.337,0.18,0.663,0.82,0.663,0.337,0.392,0.608,0.4666666666666667,0.2
227,benchmark/targets/text/enwik9_10,StandardD2v3-australiasoutheast,StandardF2sv2-westus2,tree,linear,6,6,time_compress,size_compress,18.0,8.0,10.0,5.8,12.2,3.7,2.1,4.3,7.9,0.46299999999999997,0.21000000000000002,0.537,0.79,0.6890000000000001,0.31100000000000005,0.34900000000000003,0.651,0.529,0.288
228,benchmark/targets/text/enwik9_10,StandardD2v3-australiasoutheast,StandardF2sv2-westus2,tree,linear,7,7,time_compress,size_compress,18.0,8.0,10.0,8.2,9.8,5.4,2.8,2.6,7.2,0.675,0.27999999999999997,0.325,0.72,0.6839999999999999,0.316,0.255,0.745,0.665,0.409
229,benchmark/targets/text/enwik9_10,StandardD2v3-australiasoutheast,StandardF2sv2-westus2,tree,linear,8,8,time_compress,size_compress,18.0,8.0,10.0,5.8,12.2,4.3,1.5,3.7,8.5,0.538,0.15,0.462,0.85,0.772,0.22800000000000004,0.301,0.6990000000000001,0.621,0.42400000000000004
230,benchmark/targets/text/enwik9_10,StandardD2v3-australiasoutheast,StandardF2sv2-westus2,tree,linear,9,9,time_compress,size_compress,18.0,8.0,10.0,6.3,11.7,4.7,1.6,3.3,8.4,0.587,0.16,0.413,0.8400000000000001,0.771,0.229,0.275,0.725,0.653,0.458
231,benchmark/targets/text/enwik9_10,StandardD2v3-australiasoutheast,StandardF2sv2-westus2,tree,linear,10,10,time_compress,size_compress,18.0,8.0,10.0,6.2,11.8,4.8,1.4,3.2,8.6,0.5980000000000001,0.13999999999999999,0.40199999999999997,0.86,0.7929999999999999,0.20700000000000002,0.27,0.73,0.675,0.488
232,benchmark/targets/text/enwik9_10,StandardD2v3-australiasoutheast,StandardF2sv2-westus2,tree,linear,11,11,time_compress,size_compress,18.0,8.0,10.0,6.4,11.6,5.5,0.9,2.5,9.1,0.686,0.09,0.314,0.9099999999999999,0.869,0.131,0.20800000000000002,0.792,0.757,0.625
233,benchmark/targets/text/enwik9_10,StandardD2v3-australiasoutheast,StandardF2sv2-westus2,tree,linear,12,12,time_compress,size_compress,18.0,8.0,10.0,6.1,11.9,5.3,0.8,2.7,9.2,0.661,0.08,0.339,0.9199999999999999,0.8709999999999999,0.129,0.22400000000000003,0.776,0.747,0.612
234,benchmark/targets/text/enwik9_10,StandardD2v3-australiasoutheast,StandardF2sv2-westus2,tree,linear,13,13,time_compress,size_compress,18.0,8.0,10.0,7.3,10.7,6.2,1.1,1.8,8.9,0.775,0.11000000000000001,0.225,0.89,0.8550000000000001,0.14500000000000002,0.16499999999999998,0.835,0.808,0.6759999999999999
235,benchmark/targets/text/enwik9_10,StandardD2v3-australiasoutheast,StandardF2sv2-westus2,tree,linear,14,14,time_compress,size_compress,18.0,8.0,10.0,7.6,10.4,6.6,1.0,1.4,9.0,0.827,0.1,0.173,0.9,0.877,0.123,0.132,0.868,0.8480000000000001,0.7350000000000001
236,benchmark/targets/text/enwik9_10,StandardD2v3-australiasoutheast,StandardF2sv2-westus2,tree,linear,15,15,time_compress,size_compress,18.0,8.0,10.0,7.1,10.9,6.5,0.6,1.5,9.4,0.8140000000000001,0.06000000000000001,0.186,0.9400000000000001,0.921,0.079,0.132,0.868,0.859,0.77
237,benchmark/targets/text/enwik9_10,StandardD2v3-australiasoutheast,StandardF2sv2-westus2,tree,linear,16,16,time_compress,size_compress,18.0,8.0,10.0,8.0,10.0,7.3,0.7,0.7,9.3,0.915,0.07,0.08499999999999999,0.93,0.917,0.08299999999999999,0.06799999999999999,0.932,0.913,0.845
238,benchmark/targets/text/enwik9_10,StandardD2v3-australiasoutheast,StandardF2sv2-westus2,tree,linear,17,17,time_compress,size_compress,18.0,8.0,10.0,8.8,9.2,7.8,1.0,0.2,9.0,0.976,0.1,0.024,0.9,0.8880000000000001,0.11200000000000002,0.02,0.9800000000000001,0.9279999999999999,0.868
239,benchmark/targets/text/enwik9_10,StandardD2v3-australiasoutheast,StandardF2sv2-westus2,tree,linear,18,18,time_compress,size_compress,18.0,8.0,10.0,9.0,9.0,8.0,1.0,0.0,9.0,1.0,0.1,0.0,0.9,0.89,0.11000000000000001,0.0,1.0,0.9399999999999998,0.89
240,benchmark/targets/text/enwik9_10,StandardD2v3-australiasoutheast,StandardF2sv2-westus2,tree,tree,3,3,time_compress,size_compress,18.0,8.0,10.0,7.2,10.8,4.1,3.1,3.9,6.9,0.512,0.31,0.488,0.6900000000000001,0.604,0.396,0.367,0.633,0.5309999999999999,0.21800000000000003
241,benchmark/targets/text/enwik9_10,StandardD2v3-australiasoutheast,StandardF2sv2-westus2,tree,tree,4,4,time_compress,size_compress,18.0,8.0,10.0,6.0,12.0,3.1,2.9,4.9,7.1,0.387,0.29,0.613,0.71,0.541,0.45899999999999996,0.39699999999999996,0.603,0.44999999999999996,0.11200000000000002
242,benchmark/targets/text/enwik9_10,StandardD2v3-australiasoutheast,StandardF2sv2-westus2,tree,tree,5,5,time_compress,size_compress,18.0,8.0,10.0,5.4,12.6,3.2,2.2,4.8,7.8,0.4,0.22000000000000003,0.6,0.78,0.654,0.346,0.374,0.626,0.45600000000000007,0.217
243,benchmark/targets/text/enwik9_10,StandardD2v3-australiasoutheast,StandardF2sv2-westus2,tree,tree,6,6,time_compress,size_compress,18.0,8.0,10.0,6.2,11.8,4.3,1.9,3.7,8.1,0.538,0.19,0.462,0.8099999999999999,0.7060000000000001,0.294,0.31,0.6900000000000001,0.597,0.37
244,benchmark/targets/text/enwik9_10,StandardD2v3-australiasoutheast,StandardF2sv2-westus2,tree,tree,7,7,time_compress,size_compress,18.0,8.0,10.0,6.1,11.9,4.1,2.0,3.9,8.0,0.515,0.2,0.485,0.8,0.7110000000000001,0.28900000000000003,0.32,0.6799999999999999,0.5770000000000001,0.346
245,benchmark/targets/text/enwik9_10,StandardD2v3-australiasoutheast,StandardF2sv2-westus2,tree,tree,8,8,time_compress,size_compress,18.0,8.0,10.0,5.6,12.4,4.0,1.6,4.0,8.4,0.5,0.16,0.5,0.8400000000000001,0.718,0.28200000000000003,0.318,0.682,0.5810000000000001,0.367
246,benchmark/targets/text/enwik9_10,StandardD2v3-australiasoutheast,StandardF2sv2-westus2,tree,tree,9,9,time_compress,size_compress,18.0,8.0,10.0,5.1,12.9,4.5,0.6,3.5,9.4,0.562,0.06000000000000001,0.438,0.9400000000000001,0.8939999999999999,0.10600000000000001,0.268,0.732,0.683,0.557
247,benchmark/targets/text/enwik9_10,StandardD2v3-australiasoutheast,StandardF2sv2-westus2,tree,tree,10,10,time_compress,size_compress,18.0,8.0,10.0,6.7,11.3,5.5,1.2,2.5,8.8,0.687,0.12,0.313,0.8800000000000001,0.851,0.149,0.215,0.7849999999999999,0.748,0.5980000000000001
248,benchmark/targets/text/enwik9_10,StandardD2v3-australiasoutheast,StandardF2sv2-westus2,tree,tree,11,11,time_compress,size_compress,18.0,8.0,10.0,6.1,11.9,5.2,0.9,2.8,9.1,0.649,0.09,0.351,0.9099999999999999,0.883,0.11699999999999999,0.22800000000000004,0.772,0.733,0.602
249,benchmark/targets/text/enwik9_10,StandardD2v3-australiasoutheast,StandardF2sv2-westus2,tree,tree,12,12,time_compress,size_compress,18.0,8.0,10.0,7.2,10.8,6.0,1.2,2.0,8.8,0.75,0.12,0.25,0.8800000000000001,0.859,0.14100000000000001,0.175,0.825,0.7859999999999999,0.653
250,benchmark/targets/text/enwik9_10,StandardD2v3-australiasoutheast,StandardF2sv2-westus2,tree,tree,13,13,time_compress,size_compress,18.0,8.0,10.0,6.6,11.4,6.2,0.4,1.8,9.6,0.7769999999999999,0.04,0.223,0.96,0.9460000000000001,0.054000000000000006,0.154,0.8459999999999999,0.8460000000000001,0.761
251,benchmark/targets/text/enwik9_10,StandardD2v3-australiasoutheast,StandardF2sv2-westus2,tree,tree,14,14,time_compress,size_compress,18.0,8.0,10.0,6.9,11.1,6.0,0.9,2.0,9.1,0.749,0.09,0.251,0.9099999999999999,0.882,0.118,0.179,0.821,0.807,0.68
252,benchmark/targets/text/enwik9_10,StandardD2v3-australiasoutheast,StandardF2sv2-westus2,tree,tree,15,15,time_compress,size_compress,18.0,8.0,10.0,6.8,11.2,6.4,0.4,1.6,9.6,0.8009999999999999,0.04,0.199,0.96,0.95,0.05,0.137,0.8629999999999999,0.8630000000000001,0.7849999999999999
253,benchmark/targets/text/enwik9_10,StandardD2v3-australiasoutheast,StandardF2sv2-westus2,tree,tree,16,16,time_compress,size_compress,18.0,8.0,10.0,7.3,10.7,7.3,0.0,0.7,10.0,0.915,0.0,0.08499999999999999,1.0,1.0,0.0,0.062,0.9380000000000001,0.951,0.924
254,benchmark/targets/text/enwik9_10,StandardD2v3-australiasoutheast,StandardF2sv2-westus2,tree,tree,17,17,time_compress,size_compress,18.0,8.0,10.0,7.5,10.5,7.5,0.0,0.5,10.0,0.9400000000000001,0.0,0.06,1.0,1.0,0.0,0.045,0.9550000000000001,0.9650000000000001,0.945
255,benchmark/targets/text/enwik9_10,StandardD2v3-australiasoutheast,StandardF2sv2-westus2,tree,tree,18,18,time_compress,size_compress,18.0,8.0,10.0,8.0,10.0,8.0,0.0,0.0,10.0,1.0,0.0,0.0,1.0,1.0,0.0,0.0,1.0,1.0,1.0
256,benchmark/targets/text/enwik9_10,StandardD2v3-southeastasia,StandardF2sv2-westus2,tree,linear,3,3,time_compress,size_compress,18.0,8.0,10.0,5.8,12.2,3.1,2.7,4.9,7.3,0.386,0.27,0.614,0.73,0.531,0.469,0.38499999999999995,0.615,0.51125,0.123
257,benchmark/targets/text/enwik9_10,StandardD2v3-southeastasia,StandardF2sv2-westus2,tree,linear,4,4,time_compress,size_compress,18.0,8.0,10.0,5.1,12.9,2.8,2.3,5.2,7.7,0.35,0.23000000000000004,0.65,0.77,0.5680000000000001,0.43200000000000005,0.396,0.604,0.44777777777777783,0.14100000000000001
258,benchmark/targets/text/enwik9_10,StandardD2v3-southeastasia,StandardF2sv2-westus2,tree,linear,5,5,time_compress,size_compress,18.0,8.0,10.0,6.8,11.2,4.2,2.6,3.8,7.4,0.524,0.26,0.476,0.74,0.666,0.33399999999999996,0.32199999999999995,0.678,0.541,0.29300000000000004
259,benchmark/targets/text/enwik9_10,StandardD2v3-southeastasia,StandardF2sv2-westus2,tree,linear,6,6,time_compress,size_compress,18.0,8.0,10.0,8.9,9.1,5.1,3.8,2.9,6.2,0.638,0.38,0.362,0.62,0.596,0.404,0.27999999999999997,0.72,0.596,0.27999999999999997
260,benchmark/targets/text/enwik9_10,StandardD2v3-southeastasia,StandardF2sv2-westus2,tree,linear,7,7,time_compress,size_compress,18.0,8.0,10.0,6.0,12.0,4.4,1.6,3.6,8.4,0.55,0.16,0.45,0.8400000000000001,0.752,0.248,0.29,0.71,0.62,0.422
261,benchmark/targets/text/enwik9_10,StandardD2v3-southeastasia,StandardF2sv2-westus2,tree,linear,8,8,time_compress,size_compress,18.0,8.0,10.0,5.6,12.4,4.0,1.6,4.0,8.4,0.501,0.16,0.499,0.8400000000000001,0.751,0.24900000000000003,0.322,0.678,0.588,0.379
262,benchmark/targets/text/enwik9_10,StandardD2v3-southeastasia,StandardF2sv2-westus2,tree,linear,9,9,time_compress,size_compress,18.0,8.0,10.0,5.3,12.7,3.9,1.4,4.1,8.6,0.487,0.13999999999999999,0.513,0.86,0.763,0.23700000000000002,0.32,0.6799999999999999,0.579,0.39
263,benchmark/targets/text/enwik9_10,StandardD2v3-southeastasia,StandardF2sv2-westus2,tree,linear,10,10,time_compress,size_compress,18.0,8.0,10.0,6.1,11.9,4.9,1.2,3.1,8.8,0.612,0.12,0.388,0.8800000000000001,0.8390000000000001,0.16099999999999998,0.255,0.745,0.692,0.534
264,benchmark/targets/text/enwik9_10,StandardD2v3-southeastasia,StandardF2sv2-westus2,tree,linear,11,11,time_compress,size_compress,18.0,8.0,10.0,5.8,12.2,5.1,0.7,2.9,9.3,0.636,0.07,0.364,0.93,0.8960000000000001,0.10400000000000001,0.23399999999999999,0.766,0.738,0.611
265,benchmark/targets/text/enwik9_10,StandardD2v3-southeastasia,StandardF2sv2-westus2,tree,linear,12,12,time_compress,size_compress,18.0,8.0,10.0,6.6,11.4,5.5,1.1,2.5,8.9,0.687,0.11000000000000001,0.313,0.89,0.857,0.14300000000000002,0.21200000000000002,0.788,0.751,0.608
266,benchmark/targets/text/enwik9_10,StandardD2v3-southeastasia,StandardF2sv2-westus2,tree,linear,13,13,time_compress,size_compress,18.0,8.0,10.0,7.1,10.9,6.0,1.1,2.0,8.9,0.75,0.11000000000000001,0.25,0.89,0.858,0.142,0.183,0.817,0.798,0.657
267,benchmark/targets/text/enwik9_10,StandardD2v3-southeastasia,StandardF2sv2-westus2,tree,linear,14,14,time_compress,size_compress,18.0,8.0,10.0,7.8,10.2,6.5,1.3,1.5,8.7,0.8140000000000001,0.13,0.186,0.8699999999999999,0.8390000000000001,0.16099999999999998,0.14300000000000002,0.857,0.8230000000000001,0.687
268,benchmark/targets/text/enwik9_10,StandardD2v3-southeastasia,StandardF2sv2-westus2,tree,linear,15,15,time_compress,size_compress,18.0,8.0,10.0,7.6,10.4,6.9,0.7,1.1,9.3,0.865,0.07,0.135,0.93,0.917,0.08299999999999999,0.10200000000000001,0.898,0.885,0.8030000000000002
269,benchmark/targets/text/enwik9_10,StandardD2v3-southeastasia,StandardF2sv2-westus2,tree,linear,16,16,time_compress,size_compress,18.0,8.0,10.0,7.7,10.3,6.8,0.9,1.2,9.1,0.852,0.09,0.148,0.9099999999999999,0.885,0.11499999999999999,0.11000000000000001,0.89,0.8640000000000001,0.766
270,benchmark/targets/text/enwik9_10,StandardD2v3-southeastasia,StandardF2sv2-westus2,tree,linear,17,17,time_compress,size_compress,18.0,8.0,10.0,8.3,9.7,7.5,0.8,0.5,9.2,0.9400000000000001,0.08,0.06,0.9199999999999999,0.908,0.092,0.049,0.951,0.9209999999999999,0.857
271,benchmark/targets/text/enwik9_10,StandardD2v3-southeastasia,StandardF2sv2-westus2,tree,linear,18,18,time_compress,size_compress,18.0,8.0,10.0,9.0,9.0,8.0,1.0,0.0,9.0,1.0,0.1,0.0,0.9,0.89,0.11000000000000001,0.0,1.0,0.9399999999999998,0.89
272,benchmark/targets/text/enwik9_10,StandardD2v3-southeastasia,StandardF2sv2-westus2,tree,tree,3,3,time_compress,size_compress,18.0,8.0,10.0,8.8,9.2,4.8,4.0,3.2,6.0,0.6,0.4,0.4,0.6,0.662,0.33799999999999997,0.376,0.624,0.562,0.231
273,benchmark/targets/text/enwik9_10,StandardD2v3-southeastasia,StandardF2sv2-westus2,tree,tree,4,4,time_compress,size_compress,18.0,8.0,10.0,7.8,10.2,4.2,3.6,3.8,6.4,0.526,0.36,0.47400000000000003,0.64,0.5660000000000001,0.434,0.369,0.631,0.505,0.18
274,benchmark/targets/text/enwik9_10,StandardD2v3-southeastasia,StandardF2sv2-westus2,tree,tree,5,5,time_compress,size_compress,18.0,8.0,10.0,5.8,12.2,3.5,2.3,4.5,7.7,0.438,0.22999999999999998,0.562,0.77,0.678,0.322,0.362,0.638,0.483,0.24700000000000003
275,benchmark/targets/text/enwik9_10,StandardD2v3-southeastasia,StandardF2sv2-westus2,tree,tree,6,6,time_compress,size_compress,18.0,8.0,10.0,5.4,12.6,3.3,2.1,4.7,7.9,0.41200000000000003,0.21000000000000002,0.588,0.79,0.604,0.396,0.368,0.632,0.481,0.21600000000000003
276,benchmark/targets/text/enwik9_10,StandardD2v3-southeastasia,StandardF2sv2-westus2,tree,tree,7,7,time_compress,size_compress,18.0,8.0,10.0,5.4,12.6,3.8,1.6,4.2,8.4,0.475,0.16,0.525,0.8400000000000001,0.7550000000000001,0.24500000000000002,0.32799999999999996,0.6719999999999999,0.554,0.358
277,benchmark/targets/text/enwik9_10,StandardD2v3-southeastasia,StandardF2sv2-westus2,tree,tree,8,8,time_compress,size_compress,18.0,8.0,10.0,5.9,12.1,4.1,1.8,3.9,8.2,0.514,0.18,0.48600000000000004,0.82,0.736,0.264,0.317,0.683,0.587,0.369
278,benchmark/targets/text/enwik9_10,StandardD2v3-southeastasia,StandardF2sv2-westus2,tree,tree,9,9,time_compress,size_compress,18.0,8.0,10.0,6.8,11.2,4.9,1.9,3.1,8.1,0.612,0.19,0.388,0.8099999999999999,0.74,0.26,0.27199999999999996,0.728,0.659,0.442
279,benchmark/targets/text/enwik9_10,StandardD2v3-southeastasia,StandardF2sv2-westus2,tree,tree,10,10,time_compress,size_compress,18.0,8.0,10.0,5.7,12.3,4.8,0.9,3.2,9.1,0.5980000000000001,0.09,0.40199999999999997,0.9099999999999999,0.858,0.142,0.254,0.746,0.6900000000000001,0.55
280,benchmark/targets/text/enwik9_10,StandardD2v3-southeastasia,StandardF2sv2-westus2,tree,tree,11,11,time_compress,size_compress,18.0,8.0,10.0,6.4,11.6,5.0,1.4,3.0,8.6,0.625,0.13999999999999999,0.375,0.86,0.778,0.22200000000000003,0.254,0.746,0.687,0.502
281,benchmark/targets/text/enwik9_10,StandardD2v3-southeastasia,StandardF2sv2-westus2,tree,tree,12,12,time_compress,size_compress,18.0,8.0,10.0,5.8,12.2,5.3,0.5,2.7,9.5,0.661,0.05,0.339,0.95,0.93,0.07,0.217,0.783,0.764,0.659
282,benchmark/targets/text/enwik9_10,StandardD2v3-southeastasia,StandardF2sv2-westus2,tree,tree,13,13,time_compress,size_compress,18.0,8.0,10.0,6.5,11.5,6.0,0.5,2.0,9.5,0.751,0.05,0.24900000000000003,0.95,0.9289999999999999,0.071,0.16899999999999998,0.8310000000000001,0.8240000000000001,0.7270000000000001
283,benchmark/targets/text/enwik9_10,StandardD2v3-southeastasia,StandardF2sv2-westus2,tree,tree,14,14,time_compress,size_compress,18.0,8.0,10.0,7.0,11.0,6.7,0.3,1.3,9.7,0.8400000000000001,0.030000000000000006,0.16,0.97,0.962,0.038,0.11600000000000002,0.884,0.893,0.826
284,benchmark/targets/text/enwik9_10,StandardD2v3-southeastasia,StandardF2sv2-westus2,tree,tree,15,15,time_compress,size_compress,18.0,8.0,10.0,6.7,11.3,6.5,0.2,1.5,9.8,0.8140000000000001,0.02,0.186,0.9800000000000001,0.974,0.026000000000000002,0.129,0.8710000000000001,0.882,0.817
285,benchmark/targets/text/enwik9_10,StandardD2v3-southeastasia,StandardF2sv2-westus2,tree,tree,16,16,time_compress,size_compress,18.0,8.0,10.0,7.4,10.6,7.4,0.0,0.6,10.0,0.9279999999999999,0.0,0.072,1.0,1.0,0.0,0.054000000000000006,0.9460000000000001,0.958,0.9339999999999999
286,benchmark/targets/text/enwik9_10,StandardD2v3-southeastasia,StandardF2sv2-westus2,tree,tree,17,17,time_compress,size_compress,18.0,8.0,10.0,7.6,10.4,7.6,0.0,0.4,10.0,0.952,0.0,0.048,1.0,1.0,0.0,0.036,0.9640000000000001,0.9720000000000001,0.9560000000000001
287,benchmark/targets/text/enwik9_10,StandardD2v3-southeastasia,StandardF2sv2-westus2,tree,tree,18,18,time_compress,size_compress,18.0,8.0,10.0,8.0,10.0,8.0,0.0,0.0,10.0,1.0,0.0,0.0,1.0,1.0,0.0,0.0,1.0,1.0,1.0
288,benchmark/targets/text/enwik9_10,StandardE2v3-westeurope,StandardF2sv2-westus2,tree,linear,3,3,time_compress,size_compress,18.0,8.0,10.0,6.8,11.2,4.1,2.7,3.9,7.3,0.512,0.27,0.488,0.73,0.6719999999999999,0.328,0.33799999999999997,0.662,0.5944444444444444,0.28300000000000003
289,benchmark/targets/text/enwik9_10,StandardE2v3-westeurope,StandardF2sv2-westus2,tree,linear,4,4,time_compress,size_compress,18.0,8.0,10.0,4.7,13.3,2.2,2.5,5.8,7.5,0.274,0.25,0.726,0.75,0.5,0.5,0.39799999999999996,0.602,0.4342857142857143,0.05
290,benchmark/targets/text/enwik9_10,StandardE2v3-westeurope,StandardF2sv2-westus2,tree,linear,5,5,time_compress,size_compress,18.0,8.0,10.0,7.4,10.6,4.0,3.4,4.0,6.6,0.501,0.33999999999999997,0.499,0.6599999999999999,0.5650000000000001,0.43499999999999994,0.369,0.631,0.51,0.176
291,benchmark/targets/text/enwik9_10,StandardE2v3-westeurope,StandardF2sv2-westus2,tree,linear,6,6,time_compress,size_compress,18.0,8.0,10.0,6.2,11.8,4.0,2.2,4.0,7.8,0.499,0.22000000000000003,0.501,0.78,0.667,0.333,0.333,0.667,0.6144444444444445,0.302
292,benchmark/targets/text/enwik9_10,StandardE2v3-westeurope,StandardF2sv2-westus2,tree,linear,7,7,time_compress,size_compress,18.0,8.0,10.0,6.5,11.5,4.2,2.3,3.8,7.7,0.525,0.22999999999999998,0.475,0.77,0.6689999999999999,0.331,0.329,0.671,0.576,0.316
293,benchmark/targets/text/enwik9_10,StandardE2v3-westeurope,StandardF2sv2-westus2,tree,linear,8,8,time_compress,size_compress,18.0,8.0,10.0,6.2,11.8,4.1,2.1,3.9,7.9,0.511,0.21000000000000002,0.489,0.79,0.653,0.34700000000000003,0.322,0.678,0.564,0.315
294,benchmark/targets/text/enwik9_10,StandardE2v3-westeurope,StandardF2sv2-westus2,tree,linear,9,9,time_compress,size_compress,18.0,8.0,10.0,4.8,13.2,4.0,0.8,4.0,9.2,0.501,0.08,0.499,0.9200000000000002,0.8400000000000001,0.16,0.298,0.702,0.612,0.47400000000000003
295,benchmark/targets/text/enwik9_10,StandardE2v3-westeurope,StandardF2sv2-westus2,tree,linear,10,10,time_compress,size_compress,18.0,8.0,10.0,5.9,12.1,5.1,0.8,2.9,9.2,0.637,0.08,0.363,0.9199999999999999,0.8869999999999999,0.11299999999999999,0.23499999999999996,0.7649999999999999,0.7300000000000001,0.601
296,benchmark/targets/text/enwik9_10,StandardE2v3-westeurope,StandardF2sv2-westus2,tree,linear,11,11,time_compress,size_compress,18.0,8.0,10.0,6.2,11.8,5.3,0.9,2.7,9.1,0.662,0.09,0.33799999999999997,0.9099999999999999,0.861,0.139,0.221,0.779,0.739,0.603
297,benchmark/targets/text/enwik9_10,StandardE2v3-westeurope,StandardF2sv2-westus2,tree,linear,12,12,time_compress,size_compress,18.0,8.0,10.0,5.8,12.2,5.2,0.6,2.8,9.4,0.649,0.06000000000000001,0.351,0.9400000000000001,0.893,0.10700000000000001,0.227,0.7729999999999999,0.749,0.625
298,benchmark/targets/text/enwik9_10,StandardE2v3-westeurope,StandardF2sv2-westus2,tree,linear,13,13,time_compress,size_compress,18.0,8.0,10.0,6.5,11.5,5.5,1.0,2.5,9.0,0.686,0.1,0.314,0.9,0.85,0.15,0.213,0.787,0.755,0.609
299,benchmark/targets/text/enwik9_10,StandardE2v3-westeurope,StandardF2sv2-westus2,tree,linear,14,14,time_compress,size_compress,18.0,8.0,10.0,6.2,11.8,5.2,1.0,2.8,9.0,0.648,0.1,0.352,0.9,0.8390000000000001,0.161,0.23500000000000001,0.7649999999999999,0.729,0.5740000000000001
300,benchmark/targets/text/enwik9_10,StandardE2v3-westeurope,StandardF2sv2-westus2,tree,linear,15,15,time_compress,size_compress,18.0,8.0,10.0,6.9,11.1,6.2,0.7,1.8,9.3,0.776,0.07,0.22400000000000003,0.93,0.908,0.092,0.157,0.843,0.8310000000000001,0.725
301,benchmark/targets/text/enwik9_10,StandardE2v3-westeurope,StandardF2sv2-westus2,tree,linear,16,16,time_compress,size_compress,18.0,8.0,10.0,7.1,10.9,6.4,0.7,1.6,9.3,0.8019999999999999,0.07,0.198,0.93,0.9039999999999999,0.096,0.145,0.8550000000000001,0.8470000000000001,0.741
302,benchmark/targets/text/enwik9_10,StandardE2v3-westeurope,StandardF2sv2-westus2,tree,linear,17,17,time_compress,size_compress,18.0,8.0,10.0,7.6,10.4,6.6,1.0,1.4,9.0,0.828,0.1,0.172,0.9,0.8720000000000001,0.128,0.132,0.868,0.8480000000000001,0.732
303,benchmark/targets/text/enwik9_10,StandardE2v3-westeurope,StandardF2sv2-westus2,tree,linear,18,18,time_compress,size_compress,18.0,8.0,10.0,8.0,10.0,7.0,1.0,1.0,9.0,0.8800000000000001,0.1,0.12,0.9,0.8800000000000001,0.12,0.1,0.9,0.8800000000000001,0.78
304,benchmark/targets/text/enwik9_10,StandardE2v3-westeurope,StandardF2sv2-westus2,tree,tree,3,3,time_compress,size_compress,18.0,8.0,10.0,5.9,12.1,4.1,1.8,3.9,8.2,0.514,0.18,0.48600000000000004,0.82,0.752,0.248,0.315,0.6849999999999999,0.579,0.379
305,benchmark/targets/text/enwik9_10,StandardE2v3-westeurope,StandardF2sv2-westus2,tree,tree,4,4,time_compress,size_compress,18.0,8.0,10.0,8.6,9.4,4.6,4.0,3.4,6.0,0.576,0.4,0.42400000000000004,0.6,0.544,0.45600000000000007,0.352,0.648,0.5429999999999999,0.182
306,benchmark/targets/text/enwik9_10,StandardE2v3-westeurope,StandardF2sv2-westus2,tree,tree,5,5,time_compress,size_compress,18.0,8.0,10.0,6.4,11.6,3.9,2.5,4.1,7.5,0.488,0.25,0.512,0.75,0.698,0.302,0.324,0.6759999999999999,0.493,0.29100000000000004
307,benchmark/targets/text/enwik9_10,StandardE2v3-westeurope,StandardF2sv2-westus2,tree,tree,6,6,time_compress,size_compress,18.0,8.0,10.0,5.8,12.2,3.3,2.5,4.7,7.5,0.414,0.25,0.5860000000000001,0.75,0.683,0.317,0.39,0.61,0.466,0.215
308,benchmark/targets/text/enwik9_10,StandardE2v3-westeurope,StandardF2sv2-westus2,tree,tree,7,7,time_compress,size_compress,18.0,8.0,10.0,7.1,10.9,4.4,2.7,3.6,7.3,0.55,0.27,0.45,0.73,0.643,0.35700000000000004,0.32799999999999996,0.6719999999999999,0.579,0.296
309,benchmark/targets/text/enwik9_10,StandardE2v3-westeurope,StandardF2sv2-westus2,tree,tree,8,8,time_compress,size_compress,18.0,8.0,10.0,6.1,11.9,4.1,2.0,3.9,8.0,0.514,0.2,0.48600000000000004,0.8,0.666,0.33399999999999996,0.318,0.682,0.5690000000000001,0.326
310,benchmark/targets/text/enwik9_10,StandardE2v3-westeurope,StandardF2sv2-westus2,tree,tree,9,9,time_compress,size_compress,18.0,8.0,10.0,5.0,13.0,3.8,1.2,4.2,8.8,0.476,0.12,0.524,0.8800000000000001,0.783,0.217,0.325,0.675,0.5860000000000001,0.40199999999999997
311,benchmark/targets/text/enwik9_10,StandardE2v3-westeurope,StandardF2sv2-westus2,tree,tree,10,10,time_compress,size_compress,18.0,8.0,10.0,5.8,12.2,4.9,0.9,3.1,9.1,0.611,0.09,0.389,0.9099999999999999,0.851,0.149,0.248,0.752,0.702,0.5589999999999999
312,benchmark/targets/text/enwik9_10,StandardE2v3-westeurope,StandardF2sv2-westus2,tree,tree,11,11,time_compress,size_compress,18.0,8.0,10.0,5.5,12.5,4.6,0.9,3.4,9.1,0.5740000000000001,0.09,0.426,0.9099999999999999,0.853,0.147,0.269,0.731,0.679,0.53
313,benchmark/targets/text/enwik9_10,StandardE2v3-westeurope,StandardF2sv2-westus2,tree,tree,12,12,time_compress,size_compress,18.0,8.0,10.0,6.4,11.6,5.7,0.7,2.3,9.3,0.713,0.06999999999999999,0.28700000000000003,0.93,0.898,0.10200000000000001,0.197,0.8029999999999999,0.791,0.67
314,benchmark/targets/text/enwik9_10,StandardE2v3-westeurope,StandardF2sv2-westus2,tree,tree,13,13,time_compress,size_compress,18.0,8.0,10.0,6.5,11.5,6.3,0.2,1.7,9.8,0.7889999999999999,0.02,0.211,0.9800000000000001,0.9710000000000001,0.029000000000000005,0.145,0.8550000000000001,0.866,0.795
315,benchmark/targets/text/enwik9_10,StandardE2v3-westeurope,StandardF2sv2-westus2,tree,tree,14,14,time_compress,size_compress,18.0,8.0,10.0,5.9,12.1,5.8,0.1,2.2,9.9,0.725,0.01,0.275,0.99,0.983,0.017,0.18,0.82,0.8310000000000001,0.757
316,benchmark/targets/text/enwik9_10,StandardE2v3-westeurope,StandardF2sv2-westus2,tree,tree,15,15,time_compress,size_compress,18.0,8.0,10.0,6.7,11.3,6.5,0.2,1.5,9.8,0.8140000000000001,0.02,0.186,0.9800000000000001,0.974,0.026000000000000002,0.129,0.8710000000000001,0.882,0.817
317,benchmark/targets/text/enwik9_10,StandardE2v3-westeurope,StandardF2sv2-westus2,tree,tree,16,16,time_compress,size_compress,18.0,8.0,10.0,7.1,10.9,6.9,0.2,1.1,9.8,0.8640000000000001,0.02,0.13599999999999998,0.9800000000000001,0.9800000000000001,0.02,0.095,0.905,0.9120000000000001,0.8630000000000001
318,benchmark/targets/text/enwik9_10,StandardE2v3-westeurope,StandardF2sv2-westus2,tree,tree,17,17,time_compress,size_compress,18.0,8.0,10.0,7.6,10.4,7.5,0.1,0.5,9.9,0.9400000000000001,0.01,0.06,0.99,0.9890000000000001,0.011,0.045,0.9550000000000001,0.959,0.9339999999999999
319,benchmark/targets/text/enwik9_10,StandardE2v3-westeurope,StandardF2sv2-westus2,tree,tree,18,18,time_compress,size_compress,18.0,8.0,10.0,8.0,10.0,8.0,0.0,0.0,10.0,1.0,0.0,0.0,1.0,1.0,0.0,0.0,1.0,1.0,1.0
320,benchmark/targets/text/enwik9_10,StandardF2sv2-westus2,StandardF2sv2-westus2,tree,linear,3,3,time_compress,size_compress,18.0,8.0,10.0,6.4,11.6,3.3,3.1,4.7,6.9,0.413,0.31,0.587,0.6900000000000001,0.524,0.476,0.403,0.597,0.545,0.11400000000000002
321,benchmark/targets/text/enwik9_10,StandardF2sv2-westus2,StandardF2sv2-westus2,tree,linear,4,4,time_compress,size_compress,18.0,8.0,10.0,8.0,10.0,4.0,4.0,4.0,6.0,0.49800000000000005,0.4,0.502,0.6,0.533,0.46699999999999997,0.39444444444444443,0.6055555555555555,0.5111111111111111,0.12000000000000001
322,benchmark/targets/text/enwik9_10,StandardF2sv2-westus2,StandardF2sv2-westus2,tree,linear,5,5,time_compress,size_compress,18.0,8.0,10.0,4.8,13.2,2.9,1.9,5.1,8.1,0.363,0.19,0.637,0.8099999999999999,0.717,0.28300000000000003,0.375,0.625,0.421,0.233
323,benchmark/targets/text/enwik9_10,StandardF2sv2-westus2,StandardF2sv2-westus2,tree,linear,6,6,time_compress,size_compress,18.0,8.0,10.0,5.3,12.7,3.6,1.7,4.4,8.3,0.45,0.16999999999999998,0.55,0.8300000000000001,0.6799999999999999,0.32,0.339,0.6609999999999999,0.5229999999999999,0.30700000000000005
324,benchmark/targets/text/enwik9_10,StandardF2sv2-westus2,StandardF2sv2-westus2,tree,linear,7,7,time_compress,size_compress,18.0,8.0,10.0,5.9,12.1,4.0,1.9,4.0,8.1,0.503,0.19,0.497,0.8099999999999999,0.7070000000000001,0.29300000000000004,0.329,0.671,0.572,0.34199999999999997
325,benchmark/targets/text/enwik9_10,StandardF2sv2-westus2,StandardF2sv2-westus2,tree,linear,8,8,time_compress,size_compress,18.0,8.0,10.0,5.3,12.7,4.1,1.2,3.9,8.8,0.512,0.12,0.488,0.8800000000000001,0.819,0.181,0.307,0.693,0.617,0.44399999999999995
326,benchmark/targets/text/enwik9_10,StandardF2sv2-westus2,StandardF2sv2-westus2,tree,linear,9,9,time_compress,size_compress,18.0,8.0,10.0,6.4,11.6,4.5,1.9,3.5,8.1,0.563,0.19,0.437,0.8099999999999999,0.724,0.276,0.294,0.706,0.618,0.397
327,benchmark/targets/text/enwik9_10,StandardF2sv2-westus2,StandardF2sv2-westus2,tree,linear,10,10,time_compress,size_compress,18.0,8.0,10.0,5.6,12.4,4.7,0.9,3.3,9.1,0.5860000000000001,0.09,0.414,0.9099999999999999,0.858,0.142,0.262,0.738,0.686,0.542
328,benchmark/targets/text/enwik9_10,StandardF2sv2-westus2,StandardF2sv2-westus2,tree,linear,11,11,time_compress,size_compress,18.0,8.0,10.0,6.0,12.0,5.0,1.0,3.0,9.0,0.624,0.1,0.376,0.9,0.844,0.156,0.24699999999999997,0.7529999999999999,0.7110000000000001,0.557
329,benchmark/targets/text/enwik9_10,StandardF2sv2-westus2,StandardF2sv2-westus2,tree,linear,12,12,time_compress,size_compress,18.0,8.0,10.0,6.8,11.2,5.8,1.0,2.2,9.0,0.726,0.1,0.274,0.9,0.891,0.10900000000000001,0.186,0.8140000000000001,0.781,0.661
330,benchmark/targets/text/enwik9_10,StandardF2sv2-westus2,StandardF2sv2-westus2,tree,linear,13,13,time_compress,size_compress,18.0,8.0,10.0,6.4,11.6,5.9,0.5,2.1,9.5,0.737,0.05,0.263,0.95,0.93,0.07,0.179,0.8210000000000001,0.818,0.716
331,benchmark/targets/text/enwik9_10,StandardF2sv2-westus2,StandardF2sv2-westus2,tree,linear,14,14,time_compress,size_compress,18.0,8.0,10.0,6.9,11.1,6.6,0.3,1.4,9.7,0.826,0.030000000000000006,0.174,0.97,0.96,0.04,0.11600000000000002,0.884,0.8779999999999999,0.818
332,benchmark/targets/text/enwik9_10,StandardF2sv2-westus2,StandardF2sv2-westus2,tree,linear,15,15,time_compress,size_compress,18.0,8.0,10.0,7.4,10.6,7.0,0.4,1.0,9.6,0.8779999999999999,0.04,0.122,0.96,0.951,0.049,0.091,0.909,0.908,0.8460000000000001
333,benchmark/targets/text/enwik9_10,StandardF2sv2-westus2,StandardF2sv2-westus2,tree,linear,16,16,time_compress,size_compress,18.0,8.0,10.0,7.2,10.8,7.2,0.0,0.8,10.0,0.9029999999999999,0.0,0.097,1.0,1.0,0.0,0.071,0.929,0.9440000000000002,0.913
334,benchmark/targets/text/enwik9_10,StandardF2sv2-westus2,StandardF2sv2-westus2,tree,linear,17,17,time_compress,size_compress,18.0,8.0,10.0,7.8,10.2,7.8,0.0,0.2,10.0,0.976,0.0,0.024,1.0,1.0,0.0,0.018,0.982,0.986,0.978
335,benchmark/targets/text/enwik9_10,StandardF2sv2-westus2,StandardF2sv2-westus2,tree,linear,18,18,time_compress,size_compress,18.0,8.0,10.0,8.0,10.0,8.0,0.0,0.0,10.0,1.0,0.0,0.0,1.0,1.0,0.0,0.0,1.0,1.0,1.0
336,benchmark/targets/text/enwik9_10,StandardF2sv2-westus2,StandardF2sv2-westus2,tree,tree,3,3,time_compress,size_compress,18.0,8.0,10.0,7.3,10.7,3.8,3.5,4.2,6.5,0.475,0.35,0.525,0.65,0.5509999999999999,0.449,0.406,0.594,0.479,0.134
337,benchmark/targets/text/enwik9_10,StandardF2sv2-westus2,StandardF2sv2-westus2,tree,tree,4,4,time_compress,size_compress,18.0,8.0,10.0,5.5,12.5,3.8,1.7,4.2,8.3,0.476,0.16999999999999998,0.524,0.8300000000000001,0.758,0.242,0.323,0.6769999999999999,0.5389999999999999,0.359
338,benchmark/targets/text/enwik9_10,StandardF2sv2-westus2,StandardF2sv2-westus2,tree,tree,5,5,time_compress,size_compress,18.0,8.0,10.0,5.4,12.6,3.7,1.7,4.3,8.3,0.46399999999999997,0.17,0.536,0.8300000000000001,0.718,0.28200000000000003,0.337,0.663,0.5469999999999999,0.33
339,benchmark/targets/text/enwik9_10,StandardF2sv2-westus2,StandardF2sv2-westus2,tree,tree,6,6,time_compress,size_compress,18.0,8.0,10.0,5.1,12.9,3.2,1.9,4.8,8.1,0.399,0.19,0.601,0.8099999999999999,0.615,0.385,0.366,0.634,0.469,0.227
340,benchmark/targets/text/enwik9_10,StandardF2sv2-westus2,StandardF2sv2-westus2,tree,tree,7,7,time_compress,size_compress,18.0,8.0,10.0,5.7,12.3,4.4,1.3,3.6,8.7,0.55,0.13,0.45,0.8699999999999999,0.796,0.20400000000000001,0.28900000000000003,0.7110000000000001,0.638,0.45999999999999996
341,benchmark/targets/text/enwik9_10,StandardF2sv2-westus2,StandardF2sv2-westus2,tree,tree,8,8,time_compress,size_compress,18.0,8.0,10.0,6.0,12.0,4.3,1.7,3.7,8.3,0.538,0.16999999999999998,0.462,0.8300000000000001,0.737,0.263,0.29900000000000004,0.701,0.607,0.398
342,benchmark/targets/text/enwik9_10,StandardF2sv2-westus2,StandardF2sv2-westus2,tree,tree,9,9,time_compress,size_compress,18.0,8.0,10.0,6.5,11.5,4.3,2.2,3.7,7.8,0.538,0.22000000000000003,0.462,0.78,0.679,0.321,0.314,0.6859999999999999,0.588,0.337
343,benchmark/targets/text/enwik9_10,StandardF2sv2-westus2,StandardF2sv2-westus2,tree,tree,10,10,time_compress,size_compress,18.0,8.0,10.0,6.6,11.4,5.5,1.1,2.5,8.9,0.687,0.11000000000000001,0.313,0.89,0.85,0.15,0.219,0.7809999999999999,0.756,0.6020000000000001
344,benchmark/targets/text/enwik9_10,StandardF2sv2-westus2,StandardF2sv2-westus2,tree,tree,11,11,time_compress,size_compress,18.0,8.0,10.0,6.2,11.8,5.1,1.1,2.9,8.9,0.637,0.11000000000000001,0.363,0.89,0.8469999999999999,0.153,0.24300000000000002,0.757,0.717,0.563
345,benchmark/targets/text/enwik9_10,StandardF2sv2-westus2,StandardF2sv2-westus2,tree,tree,12,12,time_compress,size_compress,18.0,8.0,10.0,6.7,11.3,5.8,0.9,2.2,9.1,0.725,0.09,0.275,0.9099999999999999,0.8640000000000001,0.136,0.191,0.8089999999999999,0.786,0.652
346,benchmark/targets/text/enwik9_10,StandardF2sv2-westus2,StandardF2sv2-westus2,tree,tree,13,13,time_compress,size_compress,18.0,8.0,10.0,6.5,11.5,5.9,0.6,2.1,9.4,0.737,0.06000000000000001,0.263,0.9400000000000001,0.917,0.083,0.18,0.82,0.8140000000000001,0.704
347,benchmark/targets/text/enwik9_10,StandardF2sv2-westus2,StandardF2sv2-westus2,tree,tree,14,14,time_compress,size_compress,18.0,8.0,10.0,7.1,10.9,6.4,0.7,1.6,9.3,0.8019999999999999,0.07,0.198,0.93,0.9029999999999999,0.097,0.14200000000000002,0.858,0.8460000000000001,0.745
348,benchmark/targets/text/enwik9_10,StandardF2sv2-westus2,StandardF2sv2-westus2,tree,tree,15,15,time_compress,size_compress,18.0,8.0,10.0,7.3,10.7,7.1,0.2,0.9,9.8,0.89,0.02,0.11000000000000001,0.9800000000000001,0.975,0.025,0.08,0.9199999999999999,0.925,0.8789999999999999
349,benchmark/targets/text/enwik9_10,StandardF2sv2-westus2,StandardF2sv2-westus2,tree,tree,16,16,time_compress,size_compress,18.0,8.0,10.0,7.4,10.6,7.2,0.2,0.8,9.8,0.9019999999999999,0.02,0.098,0.9800000000000001,0.9720000000000001,0.028000000000000004,0.072,0.9279999999999999,0.932,0.8880000000000001
350,benchmark/targets/text/enwik9_10,StandardF2sv2-westus2,StandardF2sv2-westus2,tree,tree,17,17,time_compress,size_compress,18.0,8.0,10.0,7.6,10.4,7.4,0.2,0.6,9.8,0.9279999999999999,0.02,0.072,0.9800000000000001,0.977,0.023,0.05500000000000001,0.945,0.9470000000000001,0.9120000000000001
351,benchmark/targets/text/enwik9_10,StandardF2sv2-westus2,StandardF2sv2-westus2,tree,tree,18,18,time_compress,size_compress,18.0,8.0,10.0,8.0,10.0,8.0,0.0,0.0,10.0,1.0,0.0,0.0,1.0,1.0,0.0,0.0,1.0,1.0,1.0
352,benchmark/targets/text/enwik9_10,StandardG1-eastus2,StandardF2sv2-westus2,tree,linear,3,3,time_compress,size_compress,18.0,8.0,10.0,6.7,11.3,3.5,3.2,4.5,6.8,0.437,0.32,0.563,0.6799999999999999,0.501,0.499,0.39,0.61,0.56625,0.11400000000000002
353,benchmark/targets/text/enwik9_10,StandardG1-eastus2,StandardF2sv2-westus2,tree,linear,4,4,time_compress,size_compress,18.0,8.0,10.0,5.5,12.5,3.6,1.9,4.4,8.1,0.449,0.19,0.5509999999999999,0.8099999999999999,0.745,0.255,0.351,0.649,0.518,0.312
354,benchmark/targets/text/enwik9_10,StandardG1-eastus2,StandardF2sv2-westus2,tree,linear,5,5,time_compress,size_compress,18.0,8.0,10.0,6.6,11.4,4.4,2.2,3.6,7.8,0.549,0.22000000000000003,0.45099999999999996,0.78,0.742,0.258,0.315,0.6849999999999999,0.587,0.366
355,benchmark/targets/text/enwik9_10,StandardG1-eastus2,StandardF2sv2-westus2,tree,linear,6,6,time_compress,size_compress,18.0,8.0,10.0,5.1,12.9,3.9,1.2,4.1,8.8,0.487,0.12000000000000002,0.513,0.8800000000000001,0.826,0.174,0.311,0.689,0.575,0.426
356,benchmark/targets/text/enwik9_10,StandardG1-eastus2,StandardF2sv2-westus2,tree,linear,7,7,time_compress,size_compress,18.0,8.0,10.0,5.8,12.2,3.8,2.0,4.2,8.0,0.477,0.2,0.523,0.8,0.6990000000000001,0.301,0.337,0.663,0.5429999999999999,0.31399999999999995
357,benchmark/targets/text/enwik9_10,StandardG1-eastus2,StandardF2sv2-westus2,tree,linear,8,8,time_compress,size_compress,18.0,8.0,10.0,5.8,12.2,4.4,1.4,3.6,8.6,0.5509999999999999,0.14,0.449,0.86,0.748,0.252,0.28700000000000003,0.713,0.625,0.434
358,benchmark/targets/text/enwik9_10,StandardG1-eastus2,StandardF2sv2-westus2,tree,linear,9,9,time_compress,size_compress,18.0,8.0,10.0,4.4,13.6,3.8,0.6,4.2,9.4,0.475,0.06000000000000001,0.525,0.9400000000000001,0.8959999999999999,0.10400000000000001,0.306,0.6940000000000001,0.6060000000000001,0.492
359,benchmark/targets/text/enwik9_10,StandardG1-eastus2,StandardF2sv2-westus2,tree,linear,10,10,time_compress,size_compress,18.0,8.0,10.0,5.7,12.3,5.0,0.7,3.0,9.3,0.625,0.06999999999999999,0.375,0.93,0.9019999999999999,0.098,0.24,0.76,0.7270000000000001,0.605
360,benchmark/targets/text/enwik9_10,StandardG1-eastus2,StandardF2sv2-westus2,tree,linear,11,11,time_compress,size_compress,18.0,8.0,10.0,6.4,11.6,5.4,1.0,2.6,9.0,0.675,0.1,0.325,0.9,0.859,0.141,0.21800000000000003,0.782,0.747,0.605
361,benchmark/targets/text/enwik9_10,StandardG1-eastus2,StandardF2sv2-westus2,tree,linear,12,12,time_compress,size_compress,18.0,8.0,10.0,5.4,12.6,4.9,0.5,3.1,9.5,0.611,0.05,0.389,0.95,0.909,0.091,0.242,0.758,0.726,0.611
362,benchmark/targets/text/enwik9_10,StandardG1-eastus2,StandardF2sv2-westus2,tree,linear,13,13,time_compress,size_compress,18.0,8.0,10.0,6.6,11.4,6.0,0.6,2.0,9.4,0.749,0.06000000000000001,0.251,0.9400000000000001,0.924,0.076,0.164,0.836,0.8160000000000001,0.7220000000000001
363,benchmark/targets/text/enwik9_10,StandardG1-eastus2,StandardF2sv2-westus2,tree,linear,14,14,time_compress,size_compress,18.0,8.0,10.0,7.5,10.5,6.9,0.6,1.1,9.4,0.8640000000000001,0.06000000000000001,0.13599999999999998,0.9400000000000001,0.9259999999999999,0.074,0.091,0.909,0.883,0.8160000000000001
364,benchmark/targets/text/enwik9_10,StandardG1-eastus2,StandardF2sv2-westus2,tree,linear,15,15,time_compress,size_compress,18.0,8.0,10.0,7.2,10.8,7.0,0.2,1.0,9.8,0.877,0.02,0.123,0.9800000000000001,0.975,0.025,0.088,0.9120000000000001,0.9179999999999999,0.869
365,benchmark/targets/text/enwik9_10,StandardG1-eastus2,StandardF2sv2-westus2,tree,linear,16,16,time_compress,size_compress,18.0,8.0,10.0,7.0,11.0,7.0,0.0,1.0,10.0,0.877,0.0,0.123,1.0,1.0,0.0,0.087,0.913,0.93,0.893
366,benchmark/targets/text/enwik9_10,StandardG1-eastus2,StandardF2sv2-westus2,tree,linear,17,17,time_compress,size_compress,18.0,8.0,10.0,7.5,10.5,7.5,0.0,0.5,10.0,0.9400000000000001,0.0,0.06,1.0,1.0,0.0,0.045,0.9550000000000001,0.9650000000000001,0.945
367,benchmark/targets/text/enwik9_10,StandardG1-eastus2,StandardF2sv2-westus2,tree,linear,18,18,time_compress,size_compress,18.0,8.0,10.0,8.0,10.0,8.0,0.0,0.0,10.0,1.0,0.0,0.0,1.0,1.0,0.0,0.0,1.0,1.0,1.0
368,benchmark/targets/text/enwik9_10,StandardG1-eastus2,StandardF2sv2-westus2,tree,tree,3,3,time_compress,size_compress,18.0,8.0,10.0,6.1,11.9,3.2,2.9,4.8,7.1,0.40099999999999997,0.29,0.599,0.71,0.528,0.472,0.381,0.619,0.52,0.125
369,benchmark/targets/text/enwik9_10,StandardG1-eastus2,StandardF2sv2-westus2,tree,tree,4,4,time_compress,size_compress,18.0,8.0,10.0,6.3,11.7,4.0,2.3,4.0,7.7,0.499,0.22999999999999998,0.501,0.77,0.673,0.327,0.319,0.6809999999999999,0.5955555555555556,0.301
370,benchmark/targets/text/enwik9_10,StandardG1-eastus2,StandardF2sv2-westus2,tree,tree,5,5,time_compress,size_compress,18.0,8.0,10.0,5.4,12.6,3.4,2.0,4.6,8.0,0.42699999999999994,0.2,0.5730000000000001,0.8,0.683,0.317,0.367,0.633,0.507,0.263
371,benchmark/targets/text/enwik9_10,StandardG1-eastus2,StandardF2sv2-westus2,tree,tree,6,6,time_compress,size_compress,18.0,8.0,10.0,6.8,11.2,4.6,2.2,3.4,7.8,0.575,0.22000000000000003,0.425,0.78,0.7779999999999999,0.22199999999999998,0.302,0.6980000000000001,0.618,0.40800000000000003
372,benchmark/targets/text/enwik9_10,StandardG1-eastus2,StandardF2sv2-westus2,tree,tree,7,7,time_compress,size_compress,18.0,8.0,10.0,6.6,11.4,4.7,1.9,3.3,8.1,0.588,0.19,0.41200000000000003,0.8099999999999999,0.737,0.263,0.278,0.722,0.634,0.42300000000000004
373,benchmark/targets/text/enwik9_10,StandardG1-eastus2,StandardF2sv2-westus2,tree,tree,8,8,time_compress,size_compress,18.0,8.0,10.0,5.9,12.1,4.7,1.2,3.3,8.8,0.587,0.12000000000000002,0.413,0.8800000000000001,0.807,0.193,0.269,0.731,0.6719999999999999,0.499
374,benchmark/targets/text/enwik9_10,StandardG1-eastus2,StandardF2sv2-westus2,tree,tree,9,9,time_compress,size_compress,18.0,8.0,10.0,5.8,12.2,4.8,1.0,3.2,9.0,0.5980000000000001,0.1,0.40199999999999997,0.9,0.826,0.174,0.26,0.74,0.693,0.529
375,benchmark/targets/text/enwik9_10,StandardG1-eastus2,StandardF2sv2-westus2,tree,tree,10,10,time_compress,size_compress,18.0,8.0,10.0,5.7,12.3,4.9,0.8,3.1,9.2,0.61,0.08,0.39,0.9199999999999999,0.8699999999999999,0.13,0.248,0.752,0.709,0.573
376,benchmark/targets/text/enwik9_10,StandardG1-eastus2,StandardF2sv2-westus2,tree,tree,11,11,time_compress,size_compress,18.0,8.0,10.0,6.1,11.9,5.5,0.6,2.5,9.4,0.688,0.06000000000000001,0.312,0.9400000000000001,0.914,0.08600000000000001,0.20299999999999999,0.7969999999999999,0.773,0.666
377,benchmark/targets/text/enwik9_10,StandardG1-eastus2,StandardF2sv2-westus2,tree,tree,12,12,time_compress,size_compress,18.0,8.0,10.0,6.2,11.8,5.4,0.8,2.6,9.2,0.673,0.08,0.327,0.9199999999999999,0.8779999999999999,0.122,0.221,0.779,0.761,0.623
378,benchmark/targets/text/enwik9_10,StandardG1-eastus2,StandardF2sv2-westus2,tree,tree,13,13,time_compress,size_compress,18.0,8.0,10.0,6.3,11.7,5.5,0.8,2.5,9.2,0.687,0.08,0.313,0.9199999999999999,0.881,0.119,0.207,0.7929999999999999,0.765,0.637
379,benchmark/targets/text/enwik9_10,StandardG1-eastus2,StandardF2sv2-westus2,tree,tree,14,14,time_compress,size_compress,18.0,8.0,10.0,6.6,11.4,6.4,0.2,1.6,9.8,0.8009999999999999,0.02,0.199,0.9800000000000001,0.977,0.023,0.131,0.869,0.8699999999999999,0.8109999999999999
380,benchmark/targets/text/enwik9_10,StandardG1-eastus2,StandardF2sv2-westus2,tree,tree,15,15,time_compress,size_compress,18.0,8.0,10.0,7.0,11.0,6.9,0.1,1.1,9.9,0.866,0.01,0.13399999999999998,0.99,0.986,0.014000000000000002,0.098,0.9019999999999999,0.917,0.868
381,benchmark/targets/text/enwik9_10,StandardG1-eastus2,StandardF2sv2-westus2,tree,tree,16,16,time_compress,size_compress,18.0,8.0,10.0,7.1,10.9,6.9,0.2,1.1,9.8,0.866,0.02,0.13399999999999998,0.9800000000000001,0.974,0.026000000000000002,0.099,0.901,0.9120000000000001,0.857
382,benchmark/targets/text/enwik9_10,StandardG1-eastus2,StandardF2sv2-westus2,tree,tree,17,17,time_compress,size_compress,18.0,8.0,10.0,7.8,10.2,7.8,0.0,0.2,10.0,0.976,0.0,0.024,1.0,1.0,0.0,0.018,0.982,0.986,0.9780000000000001
383,benchmark/targets/text/enwik9_10,StandardG1-eastus2,StandardF2sv2-westus2,tree,tree,18,18,time_compress,size_compress,18.0,8.0,10.0,8.0,10.0,8.0,0.0,0.0,10.0,1.0,0.0,0.0,1.0,1.0,0.0,0.0,1.0,1.0,1.0
